"hotel_name","price","dates","duration","duration_bucket","rating","ta_rating","ta_review_count","ta_source","departure_airport","scraped_at","url","image_url","offer_url"
"<<<<<<< Updated upstream","","","","","","","","","","","","",""
"=======","","","","","","","","","","","","",""
">>>>>>> Stashed changes","","","","","","","","","","","","",""
"<<<<<<< Updated upstream","","","","","","","","","","","","",""
"=======","","","","","","","","","","","","",""
">>>>>>> Stashed changes","","","","","","","","","","","","",""
"<<<<<<< Updated upstream","","","","","","","","","","","","",""
"=======","","","","","","","","","","","","",""
">>>>>>> Stashed changes","","","","","","","","","","","","",""
"<<<<<<< Updated upstream","","","","","","","","","","","","",""
"=======","","","","","","","","","","","","",""
">>>>>>> Stashed changes","","","","","","","","","","","","",""
"Sea Star Beau Rivage Egipt, Hurghada","8858.0","24.12.2026 - 31.12.2026","9 dni/7 nocy","","4.5","4.5","4278","tripadvisor","Warszawa - Modlin","2026-09-07T00:04:35.450044+00:00","https://fly.pl/oferta/egipt-wczasy/?filter[dest]=11:&filter[hotelids]=&filter[cityids]=&filter[cregids]=&filter[ofrType]=&filter[addObjType]=&filter[whenFrom]=24-12-2026&filter[whenTo]=06-01-2027&filter[duration]=7:10&filter[from]=Warszawa-Radom,Warszawa,Warszawa-Modlin,Warszawa%20-%20Radom,Warszawa%20-%20Modlin&filter[person]=2&filter[child]=1&filter[price]=0:11000&filter[PriceFrom]=0&filter[PriceTo]=11000&filter[addCategory]=50&filter[addCatering]=1&filter[addMisc]=0&filter[addTransport]=F&filter[fp]=1&order_by=ofr_price&filter[tourOperator]=0&filter[childAge][1]=20201210","https://fly.pl/cdn/photo/assets/uploads/582/278/2014/07/Sea-Star-Beau-Rivage-fly-pl.jpg","https://fly.pl/wycieczka/egipt,hurghada,c/sea-star-beau-rivage/pIfAt7UAz5Uxf0uAQr3q40AAogYFvtKHyFQ3IhUhd_8t2Wd_3b-VdFLwHDZweBJ5qNY64qBE9OSE8wlP_31AZImkVQAVifFGACagJBSXIeHBG7FRvs3QEY7i65BMeDAqsEAQG21McDAhJjAQYL_bs7QQ/ofertasv/?filter[tourOperator]=ONHO&filter%5Bperson%5D=2&filter%5BchildAge%5D%5B1%5D=20201210&filter%5Bchild%5D=1"
"Rewaya Luxury Resort Egipt, Hurghada","8967.0","24.12.2026 - 31.12.2026","9 dni/7 nocy","","","","","","Warszawa - Modlin","2026-09-07T00:04:35.450044+00:00","https://fly.pl/oferta/egipt-wczasy/?filter[dest]=11:&filter[hotelids]=&filter[cityids]=&filter[cregids]=&filter[ofrType]=&filter[addObjType]=&filter[whenFrom]=24-12-2026&filter[whenTo]=06-01-2027&filter[duration]=7:10&filter[from]=Warszawa-Radom,Warszawa,Warszawa-Modlin,Warszawa%20-%20Radom,Warszawa%20-%20Modlin&filter[person]=2&filter[child]=1&filter[price]=0:11000&filter[PriceFrom]=0&filter[PriceTo]=11000&filter[addCategory]=50&filter[addCatering]=1&filter[addMisc]=0&filter[addTransport]=F&filter[fp]=1&order_by=ofr_price&filter[tourOperator]=0&filter[childAge][1]=20201210","https://datacfstatic.merlinx.pl/EXIM/IMG/114587/d4eb92cfe350c7a33d54f02107ec3a32db9ef7ad1d4e95c8b7b4944e33e5d7b4.webp","https://fly.pl/wycieczka/egipt,hurghada,c/rewaya-luxury-resort-9/pxLr0FGkpXWVSWS8fVFra4AAog2K-Noss6pAGqOLH8oTH98L26M4lZ0TmK_1aTPorq4NMqBEVYSU0wlP_31AZIh0ZQAVifFGACagNVQUlyIRwRm_8GqwTFqUu5BEQbzJ5AGO_mRwHhnN2rDQISYwECDQ3lj3s/ofertasv/?filter[tourOperator]=EXIM&filter%5Bperson%5D=2&filter%5BchildAge%5D%5B1%5D=20201210&filter%5Bchild%5D=1"
"Rewaya Majestic Resort Egipt, Hurghada","9147.0","24.12.2026 - 31.12.2026","9 dni/7 nocy","","","","","","Warszawa - Modlin","2026-09-07T00:04:35.450044+00:00","https://fly.pl/oferta/egipt-wczasy/?filter[dest]=11:&filter[hotelids]=&filter[cityids]=&filter[cregids]=&filter[ofrType]=&filter[addObjType]=&filter[whenFrom]=24-12-2026&filter[whenTo]=06-01-2027&filter[duration]=7:10&filter[from]=Warszawa-Radom,Warszawa,Warszawa-Modlin,Warszawa%20-%20Radom,Warszawa%20-%20Modlin&filter[person]=2&filter[child]=1&filter[price]=0:11000&filter[PriceFrom]=0&filter[PriceTo]=11000&filter[addCategory]=50&filter[addCatering]=1&filter[addMisc]=0&filter[addTransport]=F&filter[fp]=1&order_by=ofr_price&filter[tourOperator]=0&filter[childAge][1]=20201210","https://datacfstatic.merlinx.pl/EXIM/IMG/114588/e3a15b238b2d30f27199dd0e48d3c85c0bc5e06a1c321d66bdb885dd7a89e111.webp","https://fly.pl/wycieczka/egipt,hurghada,c/rewaya-majestic-resort-10/p6undevQ0sgJKLsuVIaJeMAAogr62pPgv1QM-SW7VDsmj5Q726M4lZ0TmK_1aTPorq4NMqBEVYSU0wlP_31AZIu0dQAVifFGACagNVQUlyIRwRnP8GqwTEqUu5BEQbzJ9AGP7lRwHhgfKrDQISYwECDUJNRYU/ofertasv/?filter[tourOperator]=EXIM&filter%5Bperson%5D=2&filter%5BchildAge%5D%5B1%5D=20201210&filter%5Bchild%5D=1"
"Creek Hotel & Residences Egipt, Hurghada, Al-Dżuna","9326.0","24.12.2026 - 31.12.2026","9 dni/7 nocy","","4.8","4.8","219","tripadvisor","Warszawa - Modlin","2026-09-07T00:04:35.450044+00:00","https://fly.pl/oferta/egipt-wczasy/?filter[dest]=11:&filter[hotelids]=&filter[cityids]=&filter[cregids]=&filter[ofrType]=&filter[addObjType]=&filter[whenFrom]=24-12-2026&filter[whenTo]=06-01-2027&filter[duration]=7:10&filter[from]=Warszawa-Radom,Warszawa,Warszawa-Modlin,Warszawa%20-%20Radom,Warszawa%20-%20Modlin&filter[person]=2&filter[child]=1&filter[price]=0:11000&filter[PriceFrom]=0&filter[PriceTo]=11000&filter[addCategory]=50&filter[addCatering]=1&filter[addMisc]=0&filter[addTransport]=F&filter[fp]=1&order_by=ofr_price&filter[tourOperator]=0&filter[childAge][1]=20201210","https://fly.pl/cdn/photo/assets/uploads/582/278/2024/07/creek-hotel-residences.jpg","https://fly.pl/wycieczka/egipt,hurghada,al-dzuna/creek-hotel-residences-9/pmrKxxV85tgLeu9N6SER5LAAog2R7AVXwWeyg9QiBFOglfna4l3-lULG69CvLTTUqTvRIqBEJWQkUwlP_31AZI7khQAVifFGACagJBSXIhHBH76gEb2LpBGJOVGrkE9bopqwRvAZrX0pMEAgBjAQYLskFirA/ofertasv/?filter[tourOperator]=BVBE&filter%5Bperson%5D=2&filter%5BchildAge%5D%5B1%5D=20201210&filter%5Bchild%5D=1"
"Novotel Marsa Alam Egipt, Marsa Alam","9326.0","30.12.2026 - 06.01.2027","8 dni/7 nocy","","4.5","4.5","3674","tripadvisor","Warszawa - Modlin","2026-09-07T00:04:35.450044+00:00","https://fly.pl/oferta/egipt-wczasy/?filter[dest]=11:&filter[hotelids]=&filter[cityids]=&filter[cregids]=&filter[ofrType]=&filter[addObjType]=&filter[whenFrom]=24-12-2026&filter[whenTo]=06-01-2027&filter[duration]=7:10&filter[from]=Warszawa-Radom,Warszawa,Warszawa-Modlin,Warszawa%20-%20Radom,Warszawa%20-%20Modlin&filter[person]=2&filter[child]=1&filter[price]=0:11000&filter[PriceFrom]=0&filter[PriceTo]=11000&filter[addCategory]=50&filter[addCatering]=1&filter[addMisc]=0&filter[addTransport]=F&filter[fp]=1&order_by=ofr_price&filter[tourOperator]=0&filter[childAge][1]=20201210","https://fly.pl/cdn/photo/assets/uploads/582/278/2015/09/Novotel-Marsa-Alam.jpg","https://fly.pl/wycieczka/egipt,marsa-alam,c/novotel-marsa-alam/pJi56GLoFXQ28ENrYka-_JAAogYLgtGccEB8e8dpwfwrIlecdnvfVmx8Rg_GaPWDTmLT4qBEpPSVAwlP_31AZI7khQQVivFWACckMUARUGFwBcA1gFVgJAygZPqwJdAFupAl7s9wFTvBRSABGsDkunJGEATMOJOiCB_5cJDQAB2I30sNXKzaAwAg1jAQALuB4orA/ofertasv/?filter[tourOperator]=JOIP&filter%5Bperson%5D=2&filter%5BchildAge%5D%5B1%5D=20201210&filter%5Bchild%5D=1"
"Concorde Moreen Beach Resort & Spa Egipt, Marsa Alam","9357.0","30.12.2026 - 06.01.2027","8 dni/7 nocy","","4.5","4.5","5598","tripadvisor","Warszawa - Modlin","2026-09-07T00:04:35.450044+00:00","https://fly.pl/oferta/egipt-wczasy/?filter[dest]=11:&filter[hotelids]=&filter[cityids]=&filter[cregids]=&filter[ofrType]=&filter[addObjType]=&filter[whenFrom]=24-12-2026&filter[whenTo]=06-01-2027&filter[duration]=7:10&filter[from]=Warszawa-Radom,Warszawa,Warszawa-Modlin,Warszawa%20-%20Radom,Warszawa%20-%20Modlin&filter[person]=2&filter[child]=1&filter[price]=0:11000&filter[PriceFrom]=0&filter[PriceTo]=11000&filter[addCategory]=50&filter[addCatering]=1&filter[addMisc]=0&filter[addTransport]=F&filter[fp]=1&order_by=ofr_price&filter[tourOperator]=0&filter[childAge][1]=20201210","https://fly.pl/cdn/photo/assets/uploads/582/278/2014/07/Concorde-Moreen-Beach-Resort-Spa-fly-pl.jpg","https://fly.pl/wycieczka/egipt,marsa-alam,c/concorde-moreen-beach-spa-resort/pDqlqWKs-7FxpGdEHEYwhcAAogpIiAgQzZzVYm6LDyXBc44MdnvfVmx8Rg_GaPWDTmLT4qBEpPSVAwlP_31AZIjUlQQVivFWACagMxMmJyQpsBFAEVBhcAXANYBVYCQMoGT6sCXQAR39ABXrYpUrwUUwBL0zJhAEzDiToNgf-XCSAAAdu31LDVys2gMAINYwEAC3O2vGg/ofertasv/?filter[tourOperator]=JOIP&filter%5Bperson%5D=2&filter%5BchildAge%5D%5B1%5D=20201210&filter%5Bchild%5D=1"
"Hawaii Paradise Aqua Park Resort Egipt, Hurghada","9376.0","24.12.2026 - 31.12.2026","8 dni/7 nocy","","3.4","3.4","441","tripadvisor","Warszawa","2026-09-07T00:04:35.450044+00:00","https://fly.pl/oferta/egipt-wczasy/?filter[dest]=11:&filter[hotelids]=&filter[cityids]=&filter[cregids]=&filter[ofrType]=&filter[addObjType]=&filter[whenFrom]=24-12-2026&filter[whenTo]=06-01-2027&filter[duration]=7:10&filter[from]=Warszawa-Radom,Warszawa,Warszawa-Modlin,Warszawa%20-%20Radom,Warszawa%20-%20Modlin&filter[person]=2&filter[child]=1&filter[price]=0:11000&filter[PriceFrom]=0&filter[PriceTo]=11000&filter[addCategory]=50&filter[addCatering]=1&filter[addMisc]=0&filter[addTransport]=F&filter[fp]=1&order_by=ofr_price&filter[tourOperator]=0&filter[childAge][1]=20201210","https://fly.pl/cdn/photo/assets/uploads/582/278/2020/09/Hawaii-Paradise-Aqua-Park-Resort.jpg","https://fly.pl/wycieczka/egipt,hurghada,c/hawaii-paradise-aqua-park-resort-14/pT3oxObvg8cTZPYgtle6sdAAogUUH-4BoGB7c6_W7xMZOlehSsLauwO7yNTDNJOYuPziwqBEpPSVAwlP_31AZIoElQQVifFGACagNDR21yQ5sBFAEVBhcAXANYBVYCQMoGT-IBXQBSr6sBUwBer09L7UNhABHEiwFMoYE5Dfv-lwkgAAHxt7yAxYbMoDACDmMBAA1OhC__/ofertasv/?filter[tourOperator]=JOIP&filter%5Bperson%5D=2&filter%5BchildAge%5D%5B1%5D=20201210&filter%5Bchild%5D=1"
"Gemma Resort (ex. Labranda Gemma Premium Resort) Egipt, Marsa Alam","9556.0","30.12.2026 - 06.01.2027","8 dni/7 nocy","","4.5","4.5","5575","tripadvisor","Warszawa - Modlin","2026-09-07T00:04:35.450044+00:00","https://fly.pl/oferta/egipt-wczasy/?filter[dest]=11:&filter[hotelids]=&filter[cityids]=&filter[cregids]=&filter[ofrType]=&filter[addObjType]=&filter[whenFrom]=24-12-2026&filter[whenTo]=06-01-2027&filter[duration]=7:10&filter[from]=Warszawa-Radom,Warszawa,Warszawa-Modlin,Warszawa%20-%20Radom,Warszawa%20-%20Modlin&filter[person]=2&filter[child]=1&filter[price]=0:11000&filter[PriceFrom]=0&filter[PriceTo]=11000&filter[addCategory]=50&filter[addCatering]=1&filter[addMisc]=0&filter[addTransport]=F&filter[fp]=1&order_by=ofr_price&filter[tourOperator]=0&filter[childAge][1]=20201210","https://fly.pl/cdn/photo/assets/uploads/582/278/2015/06/Gemma-Resort.jpg","https://fly.pl/wycieczka/egipt,marsa-alam,c/gemma-resort/pkNgNsACdSX7OLkp74r_XtAAogVd9bqV4dIaiQdkownEvVC8dnvfVmx8Rg_GaPWDTmLT4qBEpPSVAwlP_31AZI1EpQQVivFWACagMwbkhyQpsBFAEVBhcAXANYBVYCQMoGT6sCXQBelfoBUrwUUwBL0zJhABGHcEy8mTkNgf-XCSAAAciV2LDVys2gMAIOYwEADdpSb3Q/ofertasv/?filter[tourOperator]=JOIP&filter%5Bperson%5D=2&filter%5BchildAge%5D%5B1%5D=20201210&filter%5Bchild%5D=1"
"Parrotel Lagoon Resort Egipt, Sharm El Sheikh, Szarm el-Szejk","9574.0","24.12.2026 - 31.12.2026","8 dni/7 nocy","","4.1","4.1","1835","tripadvisor","Warszawa","2026-09-07T00:04:35.450044+00:00","https://fly.pl/oferta/egipt-wczasy/?filter[dest]=11:&filter[hotelids]=&filter[cityids]=&filter[cregids]=&filter[ofrType]=&filter[addObjType]=&filter[whenFrom]=24-12-2026&filter[whenTo]=06-01-2027&filter[duration]=7:10&filter[from]=Warszawa-Radom,Warszawa,Warszawa-Modlin,Warszawa%20-%20Radom,Warszawa%20-%20Modlin&filter[person]=2&filter[child]=1&filter[price]=0:11000&filter[PriceFrom]=0&filter[PriceTo]=11000&filter[addCategory]=50&filter[addCatering]=1&filter[addMisc]=0&filter[addTransport]=F&filter[fp]=1&order_by=ofr_price&filter[tourOperator]=0&filter[childAge][1]=20201210","https://fly.pl/cdn/photo/assets/uploads/582/278/2020/10/Parrotel-Lagoon-Resort.jpg","https://fly.pl/wycieczka/egipt,sharm-el-sheikh,szarm-el-szejk/parrotel-lagoon-resort-14/puTWugI0QkBEH9ykFD5nipAAoglN3tht0aQgGSeoUxFLU93Y0RCYMUbnAoptZdUuhRlRYqBEpPSVAwlP_31AZI5kpQQVifFGACagMwMHdyQpsBFAEVBhcAXANYBVYCQMoGT-IBXQBe3voBUqYgUwBLxyNhABHdV0yItTkN-_6XCSAAAc-79PfSiMygMAIOYwEADd70Jhw/ofertasv/?filter[tourOperator]=JOIP&filter%5Bperson%5D=2&filter%5BchildAge%5D%5B1%5D=20201210&filter%5Bchild%5D=1"
"Royal Lagoons Aqua (ex. Premium Blue) Egipt, Hurghada","9673.0","24.12.2026 - 31.12.2026","8 dni/7 nocy","","4.2","4.2","4340","tripadvisor","Warszawa","2026-09-07T00:04:35.450044+00:00","https://fly.pl/oferta/egipt-wczasy/?filter[dest]=11:&filter[hotelids]=&filter[cityids]=&filter[cregids]=&filter[ofrType]=&filter[addObjType]=&filter[whenFrom]=24-12-2026&filter[whenTo]=06-01-2027&filter[duration]=7:10&filter[from]=Warszawa-Radom,Warszawa,Warszawa-Modlin,Warszawa%20-%20Radom,Warszawa%20-%20Modlin&filter[person]=2&filter[child]=1&filter[price]=0:11000&filter[PriceFrom]=0&filter[PriceTo]=11000&filter[addCategory]=50&filter[addCatering]=1&filter[addMisc]=0&filter[addTransport]=F&filter[fp]=1&order_by=ofr_price&filter[tourOperator]=0&filter[childAge][1]=20201210","https://fly.pl/cdn/photo/assets/uploads/582/278/2014/10/Royal-Lagoons-Aqua.jpg","https://fly.pl/wycieczka/egipt,hurghada,c/premium-blue-lagoon-ex-pyramisa-blue-lagoon/ptmPZAKeU-TlsjiJbbGK2nAAogpe-HhmiACix2IKh33cgMbxSsLauwO7yNTDNJOYuPziwqBEpPSVAwlP_31AZIyUtQQVifFGACagNDR21yQpsBFAEVBhcAXANYBVYCQMoGT-IBXQBSr6sBUwBer08RhzJL5hFhAEzljDoN-_6XCSAAAcvF3JjFhsygMAIOYwEADewPOi0/ofertasv/?filter[tourOperator]=JOIP&filter%5Bperson%5D=2&filter%5BchildAge%5D%5B1%5D=20201210&filter%5Bchild%5D=1"
"AMC Royal Hotel & Spa (ex. AMC Azur Resort) Egipt, Hurghada","9854.0","24.12.2026 - 31.12.2026","9 dni/7 nocy","","4.4","4.4","3064","tripadvisor","Warszawa - Modlin","2026-09-07T00:04:35.450044+00:00","https://fly.pl/oferta/egipt-wczasy/?filter[dest]=11:&filter[hotelids]=&filter[cityids]=&filter[cregids]=&filter[ofrType]=&filter[addObjType]=&filter[whenFrom]=24-12-2026&filter[whenTo]=06-01-2027&filter[duration]=7:10&filter[from]=Warszawa-Radom,Warszawa,Warszawa-Modlin,Warszawa%20-%20Radom,Warszawa%20-%20Modlin&filter[person]=2&filter[child]=1&filter[price]=0:11000&filter[PriceFrom]=0&filter[PriceTo]=11000&filter[addCategory]=50&filter[addCatering]=1&filter[addMisc]=0&filter[addTransport]=F&filter[fp]=1&order_by=ofr_price&filter[tourOperator]=0&filter[childAge][1]=20201210","https://fly.pl/cdn/photo/assets/uploads/582/278/2014/07/AMC-Royal-Resort.jpg","https://fly.pl/wycieczka/egipt,hurghada,c/amc-royal-ex-amc-azur-resort/p1sZf5cbAMjTdV8Kb4AvDAAAogyACbrqqUjemILVLRqx7mzK4l3-lULG69CvLTTUqTvRIqBEJWQkUwlP_31AZI_kxQAVifFGACagJBSXIhHBH-1AEbtupAGP34GrkEqr0pqwRvAfynxJMEAgBjAQYMfLYklg/ofertasv/?filter[tourOperator]=BVBE&filter%5Bperson%5D=2&filter%5BchildAge%5D%5B1%5D=20201210&filter%5Bchild%5D=1"
"Fantazia Resort Egipt, Marsa Alam","9932.0","30.12.2026 - 06.01.2027","8 dni/7 nocy","","4.4","4.4","5979","tripadvisor","Warszawa - Modlin","2026-09-07T00:04:35.450044+00:00","https://fly.pl/oferta/egipt-wczasy/?filter[dest]=11:&filter[hotelids]=&filter[cityids]=&filter[cregids]=&filter[ofrType]=&filter[addObjType]=&filter[whenFrom]=24-12-2026&filter[whenTo]=06-01-2027&filter[duration]=7:10&filter[from]=Warszawa-Radom,Warszawa,Warszawa-Modlin,Warszawa%20-%20Radom,Warszawa%20-%20Modlin&filter[person]=2&filter[child]=1&filter[price]=0:11000&filter[PriceFrom]=0&filter[PriceTo]=11000&filter[addCategory]=50&filter[addCatering]=1&filter[addMisc]=0&filter[addTransport]=F&filter[fp]=1&order_by=ofr_price&filter[tourOperator]=0&filter[childAge][1]=20201210","https://fly.pl/cdn/photo/assets/uploads/582/278/2016/11/Fantazia-Resort.jpg","https://fly.pl/wycieczka/egipt,marsa-alam,c/fantazia-resort/p8oJpYWLlaSb3AxvqNs9brAAogfdn1GIvi-oLVUBBUd8os68dnvfVmx8Rg_GaPWDTmLT4qBEpPSVAwlP_31AZIzE1QQVivFWACagMzSXFyQpsBFAEVBhcAXANYBVYCQMoGT6sCXQBelfoBEcsBUvESUwBL0zJhAEzDiToNgf-XCSAAAdeVzLDVys2gMAINYwEADOYReJM/ofertasv/?filter[tourOperator]=JOIP&filter%5Bperson%5D=2&filter%5BchildAge%5D%5B1%5D=20201210&filter%5Bchild%5D=1"
"Gorgonia Beach Egipt, Marsa Alam","9940.0","25.12.2026 - 01.01.2027","8 dni/7 nocy","","4.5","4.5","3761","tripadvisor","Warszawa - Modlin","2026-09-07T00:04:35.450044+00:00","https://fly.pl/oferta/egipt-wczasy/?filter[dest]=11:&filter[hotelids]=&filter[cityids]=&filter[cregids]=&filter[ofrType]=&filter[addObjType]=&filter[whenFrom]=24-12-2026&filter[whenTo]=06-01-2027&filter[duration]=7:10&filter[from]=Warszawa-Radom,Warszawa,Warszawa-Modlin,Warszawa%20-%20Radom,Warszawa%20-%20Modlin&filter[person]=2&filter[child]=1&filter[price]=0:11000&filter[PriceFrom]=0&filter[PriceTo]=11000&filter[addCategory]=50&filter[addCatering]=1&filter[addMisc]=0&filter[addTransport]=F&filter[fp]=1&order_by=ofr_price&filter[tourOperator]=0&filter[childAge][1]=20201210","https://fly.pl/cdn/photo/assets/uploads/582/278/2016/12/Gorgonia-Beach-Resort.jpg","https://fly.pl/wycieczka/egipt,marsa-alam,c/gorgonia-beach/pLIaxwLc5wjyYJ4LO-r9igAAogYS3T-YjLMq4EhB4-8Lm3HhYHhApm50mYxjM5MWPib84qBEpPSVAwlP_31AZI1E1QQVi3FGACagMwYmtyQ5sBFAEVBhcAXANYBVYCQMoGT6sCXQBelfoBUrwUUwBL0zJhABGumgFMle84Dfz-lwkgAAHhycCw1crNoDACDWMBAAtqOZ2S/ofertasv/?filter[tourOperator]=JOIP&filter%5Bperson%5D=2&filter%5BchildAge%5D%5B1%5D=20201210&filter%5Bchild%5D=1"
"Radisson Blu Resort (El Quseir) Egipt, Marsa Alam, Al-Kusajr","9960.0","30.12.2026 - 06.01.2027","8 dni/7 nocy","","4.4","4.4","3131","tripadvisor","Warszawa - Modlin","2026-09-07T00:04:35.450044+00:00","https://fly.pl/oferta/egipt-wczasy/?filter[dest]=11:&filter[hotelids]=&filter[cityids]=&filter[cregids]=&filter[ofrType]=&filter[addObjType]=&filter[whenFrom]=24-12-2026&filter[whenTo]=06-01-2027&filter[duration]=7:10&filter[from]=Warszawa-Radom,Warszawa,Warszawa-Modlin,Warszawa%20-%20Radom,Warszawa%20-%20Modlin&filter[person]=2&filter[child]=1&filter[price]=0:11000&filter[PriceFrom]=0&filter[PriceTo]=11000&filter[addCategory]=50&filter[addCatering]=1&filter[addMisc]=0&filter[addTransport]=F&filter[fp]=1&order_by=ofr_price&filter[tourOperator]=0&filter[childAge][1]=20201210","https://fly.pl/cdn/photo/assets/uploads/582/278/2015/02/RADISSON-BLU-m.jpg","https://fly.pl/wycieczka/egipt,marsa-alam,al-kusajr/radisson-blu-resort-el-quseir/pAGapyP17fPgsQOc3DfNFRAAogfi7m0MksiVpeAPomS0HoYsdnvfVmx8Rg_GaPWDTmLT4qBEpPSVAwlP_31AZI6E1QQVivFWACagMwMEZyQpsBFAEVBhcAXANYBVYCQMoGT6sCXQBelfoBUrwUUwARuhhLmRphAEzDiToNgf-XCSAAAeLViLHVys2gMAINYwEACxQYXSY/ofertasv/?filter[tourOperator]=JOIP&filter%5Bperson%5D=2&filter%5BchildAge%5D%5B1%5D=20201210&filter%5Bchild%5D=1"
"Le Meridien Dahab Resort Egipt, Dahab","9968.0","24.12.2026 - 31.12.2026","8 dni/7 nocy","","4.3","4.3","1707","tripadvisor","Warszawa","2026-09-07T00:04:35.450044+00:00","https://fly.pl/oferta/egipt-wczasy/?filter[dest]=11:&filter[hotelids]=&filter[cityids]=&filter[cregids]=&filter[ofrType]=&filter[addObjType]=&filter[whenFrom]=24-12-2026&filter[whenTo]=06-01-2027&filter[duration]=7:10&filter[from]=Warszawa-Radom,Warszawa,Warszawa-Modlin,Warszawa%20-%20Radom,Warszawa%20-%20Modlin&filter[person]=2&filter[child]=1&filter[price]=0:11000&filter[PriceFrom]=0&filter[PriceTo]=11000&filter[addCategory]=50&filter[addCatering]=1&filter[addMisc]=0&filter[addTransport]=F&filter[fp]=1&order_by=ofr_price&filter[tourOperator]=0&filter[childAge][1]=20201210","https://fly.pl/cdn/photo/assets/uploads/582/278/2014/09/Retac-Qunay-Dahab.jpg","https://fly.pl/wycieczka/egipt,dahab,c/le-meridien-dahab-bay/p0xvVwIGy0ZqZXBTXFzRfCAAogaYjHUiP2my3qB9g9uPSD440RCYMUbnAoptZdUuhRlRYqBEpPSVAwlP_31AZI8E1QQVifFGACagNDR21yQpsBFAEVBhcAXANYBVYCQMoGT-IBXQARrdEBXrEpUqYgUwBLxyNhAEzljDoN-_6XCSAAAeWZ5JDFiMygMAINYwEAC7pxKzM/ofertasv/?filter[tourOperator]=JOIP&filter%5Bperson%5D=2&filter%5BchildAge%5D%5B1%5D=20201210&filter%5Bchild%5D=1"
"Raouf Sun International Aqua Park & SPA Egipt, Sharm El Sheikh, Szarm el-Szejk","9973.0","24.12.2026 - 31.12.2026","8 dni/7 nocy","","3.8","3.8","325","tripadvisor","Warszawa","2026-09-07T00:04:35.450044+00:00","https://fly.pl/oferta/egipt-wczasy/?filter[dest]=11:&filter[hotelids]=&filter[cityids]=&filter[cregids]=&filter[ofrType]=&filter[addObjType]=&filter[whenFrom]=24-12-2026&filter[whenTo]=06-01-2027&filter[duration]=7:10&filter[from]=Warszawa-Radom,Warszawa,Warszawa-Modlin,Warszawa%20-%20Radom,Warszawa%20-%20Modlin&filter[person]=2&filter[child]=1&filter[price]=0:11000&filter[PriceFrom]=0&filter[PriceTo]=11000&filter[addCategory]=50&filter[addCatering]=1&filter[addMisc]=0&filter[addTransport]=F&filter[fp]=1&order_by=ofr_price&filter[tourOperator]=0&filter[childAge][1]=20201210","https://fly.pl/cdn/photo/assets/uploads/582/278/2024/07/raouf-sun-international-aqua-park-spa.jpg","https://fly.pl/wycieczka/egipt,sharm-el-sheikh,szarm-el-szejk/raouf-international-aqua-park-spa-14/pCsGCWDN9EMvgt02BceOHfAAogDMzrR9iJSSW0yhRwXrgWA40RCYMUbnAoptZdUuhRlRYqBEpPSVAwlP_31AZI9U1QQVifFGACagMxMm9yQ5sBFAEVBhcAXANYBVYCQMoGT-IBXQBe3voBUqYgUwBLxyNhABHPiAFMloQ5Dfv-lwkgAAHgr-S4w4jMoDACDWMBAAyFwL3D/ofertasv/?filter[tourOperator]=JOIP&filter%5Bperson%5D=2&filter%5BchildAge%5D%5B1%5D=20201210&filter%5Bchild%5D=1"
"IL Mercato (ex. Iberotel Il Mercato) Egipt, Sharm El Sheikh","10056.0","24.12.2026 - 31.12.2026","8 dni/7 nocy","","4.4","4.4","2256","tripadvisor","Warszawa","2026-09-07T00:04:35.450044+00:00","https://fly.pl/oferta/egipt-wczasy/?filter[dest]=11:&filter[hotelids]=&filter[cityids]=&filter[cregids]=&filter[ofrType]=&filter[addObjType]=&filter[whenFrom]=24-12-2026&filter[whenTo]=06-01-2027&filter[duration]=7:10&filter[from]=Warszawa-Radom,Warszawa,Warszawa-Modlin,Warszawa%20-%20Radom,Warszawa%20-%20Modlin&filter[person]=2&filter[child]=1&filter[price]=0:11000&filter[PriceFrom]=0&filter[PriceTo]=11000&filter[addCategory]=50&filter[addCatering]=1&filter[addMisc]=0&filter[addTransport]=F&filter[fp]=1&order_by=ofr_price&filter[tourOperator]=0&filter[childAge][1]=20201210","https://fly.pl/cdn/photo/assets/uploads/582/278/2014/07/Il-Mercato-Hotel-Spa-Sharm-El-Sheikh.jpg","https://fly.pl/wycieczka/egipt,sharm-el-sheikh,c/iberotel-il-mercato/pvl05ZMFdei3tEEbJiPoRvAAogyK3R0wXF1UE9KC9A_lH8gY0RCYMUbnAoptZdUuhRlRYqBEpPSVAwlP_31AZIyE5QQVifFGACagNDR21yQpsBFAEVBhcAXANYBVYCQMoGT-IBXQBe3voBEcsXUtsIUwBLxyNhAEzljDoN-_6XCSAAAcvP1NDEiMygMAINYwEACxKkAtA/ofertasv/?filter[tourOperator]=JOIP&filter%5Bperson%5D=2&filter%5BchildAge%5D%5B1%5D=20201210&filter%5Bchild%5D=1"
"Swiss Inn Resort Hurghada (ex. Hilton Hurghada Resort) Egipt, Hurghada","10127.0","24.12.2026 - 31.12.2026","9 dni/7 nocy","","4.5","4.5","1875","tripadvisor","Warszawa - Modlin","2026-09-07T00:04:35.450044+00:00","https://fly.pl/oferta/egipt-wczasy/?filter[dest]=11:&filter[hotelids]=&filter[cityids]=&filter[cregids]=&filter[ofrType]=&filter[addObjType]=&filter[whenFrom]=24-12-2026&filter[whenTo]=06-01-2027&filter[duration]=7:10&filter[from]=Warszawa-Radom,Warszawa,Warszawa-Modlin,Warszawa%20-%20Radom,Warszawa%20-%20Modlin&filter[person]=2&filter[child]=1&filter[price]=0:11000&filter[PriceFrom]=0&filter[PriceTo]=11000&filter[addCategory]=50&filter[addCatering]=1&filter[addMisc]=0&filter[addTransport]=F&filter[fp]=1&order_by=ofr_price&filter[tourOperator]=0&filter[childAge][1]=20201210","https://fly.pl/cdn/photo/assets/uploads/582/278/2014/07/Swiss-Inn-Resort-Hurghada.jpg","https://fly.pl/wycieczka/egipt,hurghada,c/hilton-resort/pWlUwdIRnVTwN1t6Rc7Tb4AAogedEqrSSFZD_gvKPZzQDcV0a-WtljEXgfX-OSnJ4bppMqBEVDQ1gwlP_31AZIj09QAVifFGACagJBSXIgHBG2TLkEgc4YqwQTGLiwLhvF5UMBker6iQICAGMBAgbOLjn2/ofertasv/?filter[tourOperator]=ECCX&filter%5Bperson%5D=2&filter%5BchildAge%5D%5B1%5D=20201210&filter%5Bchild%5D=1"
"Parrotel Beach Resort (ex. Radisson Blu) Egipt, Sharm El Sheikh","10205.0","24.12.2026 - 31.12.2026","8 dni/7 nocy","","4.4","4.4","6991","tripadvisor","Warszawa","2026-09-07T00:04:35.450044+00:00","https://fly.pl/oferta/egipt-wczasy/?filter[dest]=11:&filter[hotelids]=&filter[cityids]=&filter[cregids]=&filter[ofrType]=&filter[addObjType]=&filter[whenFrom]=24-12-2026&filter[whenTo]=06-01-2027&filter[duration]=7:10&filter[from]=Warszawa-Radom,Warszawa,Warszawa-Modlin,Warszawa%20-%20Radom,Warszawa%20-%20Modlin&filter[person]=2&filter[child]=1&filter[price]=0:11000&filter[PriceFrom]=0&filter[PriceTo]=11000&filter[addCategory]=50&filter[addCatering]=1&filter[addMisc]=0&filter[addTransport]=F&filter[fp]=1&order_by=ofr_price&filter[tourOperator]=0&filter[childAge][1]=20201210","https://fly.pl/cdn/photo/assets/uploads/582/278/2014/07/Parrotel-Beach-Resort.jpg","https://fly.pl/wycieczka/egipt,sharm-el-sheikh,c/radisson-blu-resort-sharm-el-sheikh/pcza6J_h4ImIgwb1Fop934AAogSBPBQ7vP2oTb-cWJBFOPCY0RCYMUbnAoptZdUuhRlRYqBEpPSVAwlP_31AZI3U9QQVifFGACagNDR21yQpsBFAEVBhcAXANYBVYCQMoGT-IBXQARoccBXr0zUqYgUwBLxyNhAEzljDoN-_6XCSAAAcmX-JfTiMygMAIOYwEADU3CdSQ/ofertasv/?filter[tourOperator]=JOIP&filter%5Bperson%5D=2&filter%5BchildAge%5D%5B1%5D=20201210&filter%5Bchild%5D=1"
"Utopia Blue Resort Egipt, Marsa Alam","10267.0","29.12.2026 - 05.01.2027","8 dni/7 nocy","","","","","","Warszawa","2026-09-07T00:04:35.450044+00:00","https://fly.pl/oferta/egipt-wczasy/?filter[dest]=11:&filter[hotelids]=&filter[cityids]=&filter[cregids]=&filter[ofrType]=&filter[addObjType]=&filter[whenFrom]=24-12-2026&filter[whenTo]=06-01-2027&filter[duration]=7:10&filter[from]=Warszawa-Radom,Warszawa,Warszawa-Modlin,Warszawa%20-%20Radom,Warszawa%20-%20Modlin&filter[person]=2&filter[child]=1&filter[price]=0:11000&filter[PriceFrom]=0&filter[PriceTo]=11000&filter[addCategory]=50&filter[addCatering]=1&filter[addMisc]=0&filter[addTransport]=F&filter[fp]=1&order_by=ofr_price&filter[tourOperator]=0&filter[childAge][1]=20201210","https://datacfstatic.merlinx.pl/EXIM/IMG/108331/47170af13502131b7b7d23ecf494e622a96110e1a4bfcf3019d7db4830283601.webp","https://fly.pl/wycieczka/egipt,marsa-alam,c/utopia-blue-resort-13/p6TmzW3cAK7MT9K1MmEqf3AAogYVgqE-up_n58mpmDYL3QCca1pxxZSARSPLLVQIXch-oqBEVYSU0wlP_31AZIm1BQAViXFWACagJBSXIhHBGrzga5BLrOS6sEGhuLzTAYvuNRAb-UvPIMAgBjAQIMekD7cw/ofertasv/?filter[tourOperator]=EXIM&filter%5Bperson%5D=2&filter%5BchildAge%5D%5B1%5D=20201210&filter%5Bchild%5D=1"
"Raouf Star Egipt, Sharm El Sheikh, Szarm el-Szejk","10286.0","24.12.2026 - 31.12.2026","8 dni/7 nocy","","4.1","4.1","101","tripadvisor","Warszawa","2026-09-07T00:04:35.450044+00:00","https://fly.pl/oferta/egipt-wczasy/?filter[dest]=11:&filter[hotelids]=&filter[cityids]=&filter[cregids]=&filter[ofrType]=&filter[addObjType]=&filter[whenFrom]=24-12-2026&filter[whenTo]=06-01-2027&filter[duration]=7:10&filter[from]=Warszawa-Radom,Warszawa,Warszawa-Modlin,Warszawa%20-%20Radom,Warszawa%20-%20Modlin&filter[person]=2&filter[child]=1&filter[price]=0:11000&filter[PriceFrom]=0&filter[PriceTo]=11000&filter[addCategory]=50&filter[addCatering]=1&filter[addMisc]=0&filter[addTransport]=F&filter[fp]=1&order_by=ofr_price&filter[tourOperator]=0&filter[childAge][1]=20201210","https://fly.pl/cdn/photo/assets/uploads/582/278/2023/04/Amarina-Star-Resort-Aqua-Park.jpg","https://fly.pl/wycieczka/egipt,sharm-el-sheikh,szarm-el-szejk/raouf-star-15/pONcZPCsL4KatXuP1HkbScAAogn7JU-pwN9yb_q1ZQWVeu5Y0RCYMUbnAoptZdUuhRlRYqBEpPSVAwlP_31AZIrlBQQVifFGACagMxMm9yQ5sBFAEVBhcAXANYBVYCQMoGT-IBXQBe3voBUqYgUwBLxyNhABH2pwFM7-Q4Dfv-lwkgAAHiv_iPxIjMoDACDWMBAAzNP1ty/ofertasv/?filter[tourOperator]=JOIP&filter%5Bperson%5D=2&filter%5BchildAge%5D%5B1%5D=20201210&filter%5Bchild%5D=1"
"Stella Di Mare Beach Resort & Spa (ex. Stella Makadi Resort) Egipt, Hurghada, Makadi Bay","10334.0","24.12.2026 - 31.12.2026","9 dni/7 nocy","","4.4","4.4","6853","tripadvisor","Warszawa - Modlin","2026-09-07T00:04:35.450044+00:00","https://fly.pl/oferta/egipt-wczasy/?filter[dest]=11:&filter[hotelids]=&filter[cityids]=&filter[cregids]=&filter[ofrType]=&filter[addObjType]=&filter[whenFrom]=24-12-2026&filter[whenTo]=06-01-2027&filter[duration]=7:10&filter[from]=Warszawa-Radom,Warszawa,Warszawa-Modlin,Warszawa%20-%20Radom,Warszawa%20-%20Modlin&filter[person]=2&filter[child]=1&filter[price]=0:11000&filter[PriceFrom]=0&filter[PriceTo]=11000&filter[addCategory]=50&filter[addCatering]=1&filter[addMisc]=0&filter[addTransport]=F&filter[fp]=1&order_by=ofr_price&filter[tourOperator]=0&filter[childAge][1]=20201210","https://fly.pl/cdn/photo/assets/uploads/582/278/2014/10/Stella-Di-Mare-Beach-Resort-Spa.jpg","https://fly.pl/wycieczka/egipt,hurghada,makadi-bay/stella-makadi-resort/p4cqXW0ipa5uutisIJa3B3AAogXpubQTKUeWHVsq63KhauEK4l3-lULG69CvLTTUqTvRIqBEJWQkUwlP_31AZI3lBQAVifFGACagJBSXIhHBGitAEbjNxFGJS6FrkEmaspqwRvAeanxpQEAhJjAQINCgz9zA/ofertasv/?filter[tourOperator]=BVBE&filter%5Bperson%5D=2&filter%5BchildAge%5D%5B1%5D=20201210&filter%5Bchild%5D=1"
"Movenpick Sirena Beach Egipt, Marsa Alam, Al-Kusajr","10339.0","30.12.2026 - 06.01.2027","8 dni/7 nocy","","4.7","4.7","466","tripadvisor","Warszawa - Modlin","2026-09-07T00:04:35.450044+00:00","https://fly.pl/oferta/egipt-wczasy/?filter[dest]=11:&filter[hotelids]=&filter[cityids]=&filter[cregids]=&filter[ofrType]=&filter[addObjType]=&filter[whenFrom]=24-12-2026&filter[whenTo]=06-01-2027&filter[duration]=7:10&filter[from]=Warszawa-Radom,Warszawa,Warszawa-Modlin,Warszawa%20-%20Radom,Warszawa%20-%20Modlin&filter[person]=2&filter[child]=1&filter[price]=0:11000&filter[PriceFrom]=0&filter[PriceTo]=11000&filter[addCategory]=50&filter[addCatering]=1&filter[addMisc]=0&filter[addTransport]=F&filter[fp]=1&order_by=ofr_price&filter[tourOperator]=0&filter[childAge][1]=20201210","https://datacfstatic.merlinx.pl/JOIP/IMG/60908/a0379f6d880c0f927e84af985906d18427fa6630df380b9e8cafce0b757c5aa9.webp","https://fly.pl/wycieczka/egipt,marsa-alam,al-kusajr/movenpick-sirena-beach-13/pJjxQSmZTjKW-AblHfnA8DAAogMbe5Rh-i5fepbZr0MKIemMdnvfVmx8Rg_GaPWDTmLT4qBEpPSVAwlP_31AZI41BQQVivFWACagM3RWZyQ5sBFAEVBhcAXANYBVYCQMoGT6sCXQBelfoBUrwUUwBL0zJhABHCkQFMgfg4DYH_lwkgAAHG4YSx1crNoDACDWMBAAztQ6GW/ofertasv/?filter[tourOperator]=JOIP&filter%5Bperson%5D=2&filter%5BchildAge%5D%5B1%5D=20201210&filter%5Bchild%5D=1"
"Park Inn (Sharm El Sheikh) Egipt, Sharm El Sheikh","10346.0","24.12.2026 - 31.12.2026","8 dni/7 nocy","","4.3","4.3","7174","tripadvisor","Warszawa - Modlin","2026-09-07T00:04:35.450044+00:00","https://fly.pl/oferta/egipt-wczasy/?filter[dest]=11:&filter[hotelids]=&filter[cityids]=&filter[cregids]=&filter[ofrType]=&filter[addObjType]=&filter[whenFrom]=24-12-2026&filter[whenTo]=06-01-2027&filter[duration]=7:10&filter[from]=Warszawa-Radom,Warszawa,Warszawa-Modlin,Warszawa%20-%20Radom,Warszawa%20-%20Modlin&filter[person]=2&filter[child]=1&filter[price]=0:11000&filter[PriceFrom]=0&filter[PriceTo]=11000&filter[addCategory]=50&filter[addCatering]=1&filter[addMisc]=0&filter[addTransport]=F&filter[fp]=1&order_by=ofr_price&filter[tourOperator]=0&filter[childAge][1]=20201210","https://fly.pl/cdn/photo/assets/uploads/582/278/2016/11/Park-Inn-Sharm-El-Sheikh.jpg","https://fly.pl/wycieczka/egipt,sharm-el-sheikh,c/park-inn-sharm-el-sheikh/psT9njAObzyGWHKzXjtabRAAogmbUCkMeFSSGaAgKhYuaeBGgJ2MREVQeft-2AzPrrwC4qBEtPTVQwlP_31AZI6lBQAVifFGACagJBSXIfHBH6GqsEjeMBuQQxGLmuBBvX9iMB-fzyHgIAYwECBvWpf4w/ofertasv/?filter[tourOperator]=KOMT&filter%5Bperson%5D=2&filter%5BchildAge%5D%5B1%5D=20201210&filter%5Bchild%5D=1"
"Amarina Jannah Resort Aquapark Egipt, Marsa Alam, Port Ghalib","10507.0","29.12.2026 - 05.01.2027","8 dni/7 nocy","","4.7","4.7","667","tripadvisor","Warszawa","2026-09-07T00:04:35.450044+00:00","https://fly.pl/oferta/egipt-wczasy/?filter[dest]=11:&filter[hotelids]=&filter[cityids]=&filter[cregids]=&filter[ofrType]=&filter[addObjType]=&filter[whenFrom]=24-12-2026&filter[whenTo]=06-01-2027&filter[duration]=7:10&filter[from]=Warszawa-Radom,Warszawa,Warszawa-Modlin,Warszawa%20-%20Radom,Warszawa%20-%20Modlin&filter[person]=2&filter[child]=1&filter[price]=0:11000&filter[PriceFrom]=0&filter[PriceTo]=11000&filter[addCategory]=50&filter[addCatering]=1&filter[addMisc]=0&filter[addTransport]=F&filter[fp]=1&order_by=ofr_price&filter[tourOperator]=0&filter[childAge][1]=20201210","https://fly.pl/cdn/photo/assets/uploads/582/278/2023/04/Amarina-Jannah-Resort-Aquapark.jpg","https://fly.pl/wycieczka/egipt,marsa-alam,port-ghalib/amarina-jannah-resort-aquapark-15/pjB6Ug3x_rmYpvSdW7vYriAAog7Xo7qCP-DOOl8q-zUEOMksa1pxxZSARSPLLVQIXch-oqBEVYSU0wlP_31AZIi1JQAViXFWACagJBSXIhHBGqzga5BLvOS6sEGhvT0jAY8dpRAZKhu_IMAgBjAQIONeccYQ/ofertasv/?filter[tourOperator]=EXIM&filter%5Bperson%5D=2&filter%5BchildAge%5D%5B1%5D=20201210&filter%5Bchild%5D=1"
"Jaz Solaya (ex Sol Y Mar Solaya) Egipt, Marsa Alam","10511.0","30.12.2026 - 06.01.2027","8 dni/7 nocy","","4.7","4.7","3394","tripadvisor","Warszawa - Modlin","2026-09-07T00:04:35.450044+00:00","https://fly.pl/oferta/egipt-wczasy/?filter[dest]=11:&filter[hotelids]=&filter[cityids]=&filter[cregids]=&filter[ofrType]=&filter[addObjType]=&filter[whenFrom]=24-12-2026&filter[whenTo]=06-01-2027&filter[duration]=7:10&filter[from]=Warszawa-Radom,Warszawa,Warszawa-Modlin,Warszawa%20-%20Radom,Warszawa%20-%20Modlin&filter[person]=2&filter[child]=1&filter[price]=0:11000&filter[PriceFrom]=0&filter[PriceTo]=11000&filter[addCategory]=50&filter[addCatering]=1&filter[addMisc]=0&filter[addTransport]=F&filter[fp]=1&order_by=ofr_price&filter[tourOperator]=0&filter[childAge][1]=20201210","https://fly.pl/cdn/photo/assets/uploads/582/278/2016/05/Jaz-Solaya.jpg","https://fly.pl/wycieczka/egipt,marsa-alam,c/jaz-solaya-ex-sol-y-mar-solaya/pstz2PjYLYxzcjZ-rJDj_VAAogvLzwjS_zi6-GETwD4RFY4cdnvfVmx8Rg_GaPWDTmLT4qBEpPSVAwlP_31AZIj1JQQVivFWACagMwME1yQpsBFAEVBhcAXANYBVYCQMoGT6sCXQARw-YBXtITUrwUUwBL0zJhAEzDiToNgf-XCSAAAcmd6LDVys2gMAINYwEADLX4wpU/ofertasv/?filter[tourOperator]=JOIP&filter%5Bperson%5D=2&filter%5BchildAge%5D%5B1%5D=20201210&filter%5Bchild%5D=1"
"Regency Plaza Aqua Park Spa Egipt, Sharm El Sheikh, Szarm el-Szejk","10603.0","24.12.2026 - 31.12.2026","8 dni/7 nocy","","4.1","4.1","6180","tripadvisor","Warszawa","2026-09-07T00:04:35.450044+00:00","https://fly.pl/oferta/egipt-wczasy/?filter[dest]=11:&filter[hotelids]=&filter[cityids]=&filter[cregids]=&filter[ofrType]=&filter[addObjType]=&filter[whenFrom]=24-12-2026&filter[whenTo]=06-01-2027&filter[duration]=7:10&filter[from]=Warszawa-Radom,Warszawa,Warszawa-Modlin,Warszawa%20-%20Radom,Warszawa%20-%20Modlin&filter[person]=2&filter[child]=1&filter[price]=0:11000&filter[PriceFrom]=0&filter[PriceTo]=11000&filter[addCategory]=50&filter[addCatering]=1&filter[addMisc]=0&filter[addTransport]=F&filter[fp]=1&order_by=ofr_price&filter[tourOperator]=0&filter[childAge][1]=20201210","https://fly.pl/cdn/photo/assets/uploads/582/278/2014/07/Regency-Plaza-Aqua-Park-Spa-fly-pl.jpg","https://fly.pl/wycieczka/egipt,sharm-el-sheikh,szarm-el-szejk/regency-plaza/pylBH5-WA5RIAHM9lgZis2AAogNa2mpc6mrEPVlnIRBIQcS40RCYMUbnAoptZdUuhRlRYqBEpPSVAwlP_31AZI61JQQVifFGACagNDR21yQpsBFAEVBhcAXANYBVYCQMoGT-IBXQARmcoBXsUwUqYgUwBLxyNhAEzljDoN-_6XCSAAAcq5xLjFiMygMAIOYwEADY4JLcY/ofertasv/?filter[tourOperator]=JOIP&filter%5Bperson%5D=2&filter%5BchildAge%5D%5B1%5D=20201210&filter%5Bchild%5D=1"
"Dreams Beach (Sharm El Sheikh) Egipt, Sharm El Sheikh, Szarm el-Szejk","10618.0","24.12.2026 - 31.12.2026","8 dni/7 nocy","","3.9","3.9","2645","tripadvisor","Warszawa","2026-09-07T00:04:35.450044+00:00","https://fly.pl/oferta/egipt-wczasy/?filter[dest]=11:&filter[hotelids]=&filter[cityids]=&filter[cregids]=&filter[ofrType]=&filter[addObjType]=&filter[whenFrom]=24-12-2026&filter[whenTo]=06-01-2027&filter[duration]=7:10&filter[from]=Warszawa-Radom,Warszawa,Warszawa-Modlin,Warszawa%20-%20Radom,Warszawa%20-%20Modlin&filter[person]=2&filter[child]=1&filter[price]=0:11000&filter[PriceFrom]=0&filter[PriceTo]=11000&filter[addCategory]=50&filter[addCatering]=1&filter[addMisc]=0&filter[addTransport]=F&filter[fp]=1&order_by=ofr_price&filter[tourOperator]=0&filter[childAge][1]=20201210","https://fly.pl/cdn/photo/assets/uploads/582/278/2014/07/Dreams-Beach-Resort.jpg","https://fly.pl/wycieczka/egipt,sharm-el-sheikh,szarm-el-szejk/dreams-beach-sharm-el-sheikh/pzoBKauXPtocKcyS3WQ_NcAAogmWsNTubVUHJiFrHADfnAJ40RCYMUbnAoptZdUuhRlRYqBEpPSVAwlP_31AZI-lJQQVifFGACagNDR21yQpsBFAEVBhcAXANYBVYCQMoGT-IBXQAR5MYBXvozUqYgUwBLxyNhAEzljDoN-_6XCSAAAdDh-PjCiMygMAINYwEAC9EufaQ/ofertasv/?filter[tourOperator]=JOIP&filter%5Bperson%5D=2&filter%5BchildAge%5D%5B1%5D=20201210&filter%5Bchild%5D=1"
"Xperience Kiroseiz Premier Egipt, Sharm El Sheikh","10680.0","24.12.2026 - 31.12.2026","8 dni/7 nocy","","4.5","4.5","990","tripadvisor","Warszawa","2026-09-07T00:04:35.450044+00:00","https://fly.pl/oferta/egipt-wczasy/?filter[dest]=11:&filter[hotelids]=&filter[cityids]=&filter[cregids]=&filter[ofrType]=&filter[addObjType]=&filter[whenFrom]=24-12-2026&filter[whenTo]=06-01-2027&filter[duration]=7:10&filter[from]=Warszawa-Radom,Warszawa,Warszawa-Modlin,Warszawa%20-%20Radom,Warszawa%20-%20Modlin&filter[person]=2&filter[child]=1&filter[price]=0:11000&filter[PriceFrom]=0&filter[PriceTo]=11000&filter[addCategory]=50&filter[addCatering]=1&filter[addMisc]=0&filter[addTransport]=F&filter[fp]=1&order_by=ofr_price&filter[tourOperator]=0&filter[childAge][1]=20201210","https://fly.pl/cdn/photo/assets/uploads/582/278/2015/11/Xperience-Kiroseiz-Premier-fly-pl-3.jpg","https://fly.pl/wycieczka/egipt,sharm-el-sheikh,c/xperience-kiroseiz-premier/pfVLeyOGtbsK1FENzPZUIuAAogc5qsI0a47M53bgGd0dOQ4o0RCYMUbnAoptZdUuhRlRYqBEpPSVAwlP_31AZIuFNQQVifFGACagNDR21yQpsBFAEVBhcAXANYBVYCQMoGT-IBXQBe3voBEeYSUsANUwBLxyNhAEzljDoN-_6XCSAAAcvRiLG0iMygMAINYwEAC7pEk8k/ofertasv/?filter[tourOperator]=JOIP&filter%5Bperson%5D=2&filter%5BchildAge%5D%5B1%5D=20201210&filter%5Bchild%5D=1"
"Safir Dahab Resort Egipt, Dahab","10694.0","24.12.2026 - 31.12.2026","8 dni/7 nocy","","4.5","4.5","1512","tripadvisor","Warszawa","2026-09-07T00:04:35.450044+00:00","https://fly.pl/oferta/egipt-wczasy/?filter[dest]=11:&filter[hotelids]=&filter[cityids]=&filter[cregids]=&filter[ofrType]=&filter[addObjType]=&filter[whenFrom]=24-12-2026&filter[whenTo]=06-01-2027&filter[duration]=7:10&filter[from]=Warszawa-Radom,Warszawa,Warszawa-Modlin,Warszawa%20-%20Radom,Warszawa%20-%20Modlin&filter[person]=2&filter[child]=1&filter[price]=0:11000&filter[PriceFrom]=0&filter[PriceTo]=11000&filter[addCategory]=50&filter[addCatering]=1&filter[addMisc]=0&filter[addTransport]=F&filter[fp]=1&order_by=ofr_price&filter[tourOperator]=0&filter[childAge][1]=20201210","https://fly.pl/cdn/photo/assets/uploads/582/278/2015/09/Safir-Dahab-Resort.jpg","https://fly.pl/wycieczka/egipt,dahab,c/dahab-resort/pzim_4pmgnqtzPKzIYKd1lAAogb-wvzB_Js_ax1HFdSa1f9I0RCYMUbnAoptZdUuhRlRYqBEpPSVAwlP_31AZIxlNQQVifFGACagNDR21yQpsBFAEVBhcAXANYBVYCQMoGT-IBXQBe3voBEcQEUuIbUwBLxyNhAEzljDoN-_6XCSAAAdnNgIm0iMygMAINYwEAC231l5w/ofertasv/?filter[tourOperator]=JOIP&filter%5Bperson%5D=2&filter%5BchildAge%5D%5B1%5D=20201210&filter%5Bchild%5D=1"
"Gravity Hotel & Aquapark Hurghada (ex. Samra Bay Resort)","10867.0","24.12.2026 - 31.12.2026","8 dni/7 nocy","","","","","","Warszawa","2026-09-07T00:04:35.450044+00:00","https://fly.pl/oferta/egipt-wczasy/?filter[dest]=11:&filter[hotelids]=&filter[cityids]=&filter[cregids]=&filter[ofrType]=&filter[addObjType]=&filter[whenFrom]=24-12-2026&filter[whenTo]=06-01-2027&filter[duration]=7:10&filter[from]=Warszawa-Radom,Warszawa,Warszawa-Modlin,Warszawa%20-%20Radom,Warszawa%20-%20Modlin&filter[person]=2&filter[child]=1&filter[price]=0:11000&filter[PriceFrom]=0&filter[PriceTo]=11000&filter[addCategory]=50&filter[addCatering]=1&filter[addMisc]=0&filter[addTransport]=F&filter[fp]=1&order_by=ofr_price&filter[tourOperator]=0&filter[childAge][1]=20201210","https://fly.pl/cdn/photo/assets/uploads/582/278/2017/04/Gravity-Hotel-Aquapark-Hurghada.jpg","https://fly.pl/wycieczka/egipt,hurghada,c/samra-bay-resort/p7e4mOMn5UvxxPy_1-OdV9AAoguHhLBhDzhdphd211mkSAfhSsLauwO7yNTDNJOYuPziwqBEpPSVAwlv_31AZI81RQQVifFGACagMwMllyQpsBFAEVBhcAXANYBVYCQMoGT-IBXQBSr6sBUwBer08RuD9LtQRhAEzljDoN-_6XCSAAAfCNjKmkhsygMAIOYwEADfJA1mQ/ofertasv/?filter[tourOperator]=JOIP&filter%5Bperson%5D=2&filter%5BchildAge%5D%5B1%5D=20201210&filter%5Bchild%5D=1"
"Sharm Grand Plaza Resort","10872.0","24.12.2026 - 31.12.2026","8 dni/7 nocy","","4.4","4.4","9439","tripadvisor","Warszawa","2026-09-07T00:04:35.450044+00:00","https://fly.pl/oferta/egipt-wczasy/?filter[dest]=11:&filter[hotelids]=&filter[cityids]=&filter[cregids]=&filter[ofrType]=&filter[addObjType]=&filter[whenFrom]=24-12-2026&filter[whenTo]=06-01-2027&filter[duration]=7:10&filter[from]=Warszawa-Radom,Warszawa,Warszawa-Modlin,Warszawa%20-%20Radom,Warszawa%20-%20Modlin&filter[person]=2&filter[child]=1&filter[price]=0:11000&filter[PriceFrom]=0&filter[PriceTo]=11000&filter[addCategory]=50&filter[addCatering]=1&filter[addMisc]=0&filter[addTransport]=F&filter[fp]=1&order_by=ofr_price&filter[tourOperator]=0&filter[childAge][1]=20201210","https://fly.pl/cdn/photo/assets/uploads/582/278/2014/07/SHARM-GRAND-PLAZA-RESORT-1.jpg","https://fly.pl/wycieczka/egipt,sharm-el-sheikh,c/grand-plaza-resort/p1KDDrEeP8Coai1AgeAH6mAAogcz4rrP3fRwXDOrazAamFiI0RCYMUbnAoptZdUuhRlRYqBEpPSVAwlv_31AZI-FRQQVifFGACagMwMllyQpsBFAEVBhcAXANYBVYCQMoGT-IBXQARgscBXtwzUqYgUwBLxyNhAEzljDoN-_6XCSAAAefZ2MjVicygMAINYwEAC-qcK_A/ofertasv/?filter[tourOperator]=JOIP&filter%5Bperson%5D=2&filter%5BchildAge%5D%5B1%5D=20201210&filter%5Bchild%5D=1"
"Bellagio Beach Resort & Spa (ex. Panorama Bungalows Hurghada)","10912.0","24.12.2026 - 31.12.2026","8 dni/7 nocy","","4.3","4.3","4466","tripadvisor","Warszawa","2026-09-07T00:04:35.450044+00:00","https://fly.pl/oferta/egipt-wczasy/?filter[dest]=11:&filter[hotelids]=&filter[cityids]=&filter[cregids]=&filter[ofrType]=&filter[addObjType]=&filter[whenFrom]=24-12-2026&filter[whenTo]=06-01-2027&filter[duration]=7:10&filter[from]=Warszawa-Radom,Warszawa,Warszawa-Modlin,Warszawa%20-%20Radom,Warszawa%20-%20Modlin&filter[person]=2&filter[child]=1&filter[price]=0:11000&filter[PriceFrom]=0&filter[PriceTo]=11000&filter[addCategory]=50&filter[addCatering]=1&filter[addMisc]=0&filter[addTransport]=F&filter[fp]=1&order_by=ofr_price&filter[tourOperator]=0&filter[childAge][1]=20201210","https://fly.pl/cdn/photo/assets/uploads/582/278/2014/07/Bellagio-Beach-Resort-Spa.jpg","https://fly.pl/wycieczka/egipt,hurghada,c/panorama-bungalow-resort/pHzCeVx_0ias3tp0JA1AbjAAogwO8zDWpUkApPuxcS6YlT_BSsLauwO7yNTDNJOYuPziwqBEpPSVAwlv_31AZIoFVQQVifFGACagMwMHdyQ5sBFAEVBhcAXANYBVYCQMoGT-IBXQBSr6sBUwBer09L7UNhABGgjgFMxf44Dfv-lwkgAAHl4finpIbMoDACDmMBAA32weBG/ofertasv/?filter[tourOperator]=JOIP&filter%5Bperson%5D=2&filter%5BchildAge%5D%5B1%5D=20201210&filter%5Bchild%5D=1"
"Rehana Royal Beach Resort & Spa","10948.0","24.12.2026 - 31.12.2026","8 dni/7 nocy","","4.3","4.3","4670","tripadvisor","Warszawa","2026-09-07T00:04:35.450044+00:00","https://fly.pl/oferta/egipt-wczasy/?filter[dest]=11:&filter[hotelids]=&filter[cityids]=&filter[cregids]=&filter[ofrType]=&filter[addObjType]=&filter[whenFrom]=24-12-2026&filter[whenTo]=06-01-2027&filter[duration]=7:10&filter[from]=Warszawa-Radom,Warszawa,Warszawa-Modlin,Warszawa%20-%20Radom,Warszawa%20-%20Modlin&filter[person]=2&filter[child]=1&filter[price]=0:11000&filter[PriceFrom]=0&filter[PriceTo]=11000&filter[addCategory]=50&filter[addCatering]=1&filter[addMisc]=0&filter[addTransport]=F&filter[fp]=1&order_by=ofr_price&filter[tourOperator]=0&filter[childAge][1]=20201210","https://fly.pl/cdn/photo/assets/uploads/582/278/2016/11/Rehana-Royal-Beach-Resort-amp-Spa.jpg","https://fly.pl/wycieczka/egipt,sharm-el-sheikh,c/rehana-royal-beach-resort-spa/p6DNLVhwDkLY8jF80OJ1kKAAogDH7tKRZnTfyoBCAh7xvifI0RCYMUbnAoptZdUuhRlRYqBEpPSVAwlv_31AZIxFVQQVifFGACagMwMHdyQpsBFAEVBhcAXANYBVYCQMoGT-IBXQAR88gBXusxUqYgUwBLxyNhAEzljDoN-_6XCSAAAe_dvLiDqs2gMAINYwEADCMbB7Q/ofertasv/?filter[tourOperator]=JOIP&filter%5Bperson%5D=2&filter%5BchildAge%5D%5B1%5D=20201210&filter%5Bchild%5D=1"
"Three Corners Fayrouz Plaza Beach Resort","10954.0","30.12.2026 - 06.01.2027","8 dni/7 nocy","","4.7","4.7","13148","tripadvisor","Warszawa - Modlin","2026-09-07T00:04:35.450044+00:00","https://fly.pl/oferta/egipt-wczasy/?filter[dest]=11:&filter[hotelids]=&filter[cityids]=&filter[cregids]=&filter[ofrType]=&filter[addObjType]=&filter[whenFrom]=24-12-2026&filter[whenTo]=06-01-2027&filter[duration]=7:10&filter[from]=Warszawa-Radom,Warszawa,Warszawa-Modlin,Warszawa%20-%20Radom,Warszawa%20-%20Modlin&filter[person]=2&filter[child]=1&filter[price]=0:11000&filter[PriceFrom]=0&filter[PriceTo]=11000&filter[addCategory]=50&filter[addCatering]=1&filter[addMisc]=0&filter[addTransport]=F&filter[fp]=1&order_by=ofr_price&filter[tourOperator]=0&filter[childAge][1]=20201210","https://fly.pl/cdn/photo/assets/uploads/582/278/2014/10/The-Three-Corners-Fayrouz-Plaza.jpg","https://fly.pl/wycieczka/egipt,marsa-alam,c/three-corners-fayrouz-plaza-beach-resort/pE6nAk2sH7Dmwql8vrb0_hAAogkZmQMWRGPHs7wwF2oPJZD8dnvfVmx8Rg_GaPWDTmLT4qBEpPSVAwlv_31AZIylVQQVivFWACagMwYWtyQpsBFAEVBhcAXANYBVYCQMoGT6sCXQARiMYBXo00UrwUUwBL0zJhAEzDiToNgf-XCSAAAeHfjLHVys2gMAIOYwEADVaohDY/ofertasv/?filter[tourOperator]=JOIP&filter%5Bperson%5D=2&filter%5BchildAge%5D%5B1%5D=20201210&filter%5Bchild%5D=1"
"Albatros Sea World Resort Marsa Alam","10976.0","30.12.2026 - 06.01.2027","8 dni/7 nocy","","4.7","4.7","4491","tripadvisor","Warszawa - Modlin","2026-09-07T00:04:35.450044+00:00","https://fly.pl/oferta/egipt-wczasy/?filter[dest]=11:&filter[hotelids]=&filter[cityids]=&filter[cregids]=&filter[ofrType]=&filter[addObjType]=&filter[whenFrom]=24-12-2026&filter[whenTo]=06-01-2027&filter[duration]=7:10&filter[from]=Warszawa-Radom,Warszawa,Warszawa-Modlin,Warszawa%20-%20Radom,Warszawa%20-%20Modlin&filter[person]=2&filter[child]=1&filter[price]=0:11000&filter[PriceFrom]=0&filter[PriceTo]=11000&filter[addCategory]=50&filter[addCatering]=1&filter[addMisc]=0&filter[addTransport]=F&filter[fp]=1&order_by=ofr_price&filter[tourOperator]=0&filter[childAge][1]=20201210","https://fly.pl/cdn/photo/assets/uploads/582/278/2017/08/ALBATROS-SEA-WORLD.jpg","https://fly.pl/wycieczka/egipt,marsa-alam,al-kusajr/sea-world-resort-marsa-alam/puiJ3Mj-qKElaKcgYInLd2AAogqw4WqNBnY-fkR_XMKIiOPsdnvfVmx8Rg_GaPWDTmLT4qBEpPSVAwlv_31AZI4FVQQVivFWACagMwMEZyQpsBFAEVBhcAXANYBVYCQMoGT6sCXQBelfoBUrwUUwBL0zJhABGzG0yQ7jkNgf-XCSAAAeXP4LDVys2gMAINYwEADF1h35U/ofertasv/?filter[tourOperator]=JOIP&filter%5Bperson%5D=2&filter%5BchildAge%5D%5B1%5D=20201210&filter%5Bchild%5D=1"
"Xperience Kiroseiz Parkland","10993.0","24.12.2026 - 31.12.2026","8 dni/7 nocy","","4.5","4.5","3121","tripadvisor","Warszawa","2026-09-07T00:04:35.450044+00:00","https://fly.pl/oferta/egipt-wczasy/?filter[dest]=11:&filter[hotelids]=&filter[cityids]=&filter[cregids]=&filter[ofrType]=&filter[addObjType]=&filter[whenFrom]=24-12-2026&filter[whenTo]=06-01-2027&filter[duration]=7:10&filter[from]=Warszawa-Radom,Warszawa,Warszawa-Modlin,Warszawa%20-%20Radom,Warszawa%20-%20Modlin&filter[person]=2&filter[child]=1&filter[price]=0:11000&filter[PriceFrom]=0&filter[PriceTo]=11000&filter[addCategory]=50&filter[addCatering]=1&filter[addMisc]=0&filter[addTransport]=F&filter[fp]=1&order_by=ofr_price&filter[tourOperator]=0&filter[childAge][1]=20201210","https://fly.pl/cdn/photo/assets/uploads/582/278/2014/06/Xperience-Kiroseiz-Parkland-fly-pl.jpg","https://fly.pl/wycieczka/egipt,sharm-el-sheikh,c/xperience-kiroseiz-parkland/pBGc1XgTunjmZJBDVUo6oyAAogmLvQXqlZxEcPg01L56Crm40RCYMUbnAoptZdUuhRlRYqBEpPSVAwlv_31AZI8VVQQVifFGACagNDR21yQpsBFAEVBhcAXANYBVYCQMoGT-IBXQARt8YBXqc0UqYgUwBLxyNhAEzljDoN-_6XCSAAAcnXyLi0iMygMAINYwEAC_iJLlc/ofertasv/?filter[tourOperator]=JOIP&filter%5Bperson%5D=2&filter%5BchildAge%5D%5B1%5D=20201210&filter%5Bchild%5D=1"
