"run_started_at","departure_key","filter_id","country","region","departure_date","return_date","nights","origin_scope","pax_profile","days_to_departure","offer_count","hotel_count","min_price","p10_price","p25_price","median_price","max_price","below_10000_count","below_8000_count","prev_min_price","prev_p10_price","prev_median_price","min_change_pct","p10_change_pct","median_change_pct","hotel_count_delta","hot_score"
"2026-06-01T05:45:23+0000","turcja|alanya|2026-06-04|2026-06-11|7|Warszawa,Warszawa - Radom|2+1","filter_turkey_7_10_days","turcja","alanya","2026-06-04","2026-06-11","7","Warszawa,Warszawa - Radom","2+1","3","1","1","6899.0","6899.0","6899.0","6899.0","6899.0","1","1","0.0","0.0","0.0","0.0","0.0","0.0","0","0"
"2026-06-01T08:47:45+0000","turcja|alanya|2026-06-04|2026-06-11|7|Warszawa,Warszawa - Radom|2+1","filter_turkey_7_10_days","turcja","alanya","2026-06-04","2026-06-11","7","Warszawa,Warszawa - Radom","2+1","3","2","2","6899.0","7014.2","7187.0","7475.0","8051.0","2","1","6899.0","6899.0","6899.0","0.0","1.67","8.35","1","0"
"2026-06-01T05:45:23+0000","turcja|alanya|2026-06-05|2026-06-12|7|Warszawa,Warszawa - Radom|2+1","filter_turkey_7_10_days","turcja","alanya","2026-06-05","2026-06-12","7","Warszawa,Warszawa - Radom","2+1","4","8","8","5463.0","6468.2","7165.25","7875.5","9009.0","8","5","0.0","0.0","0.0","0.0","0.0","0.0","0","0"
"2026-06-01T08:47:45+0000","turcja|alanya|2026-06-05|2026-06-12|7|Warszawa,Warszawa - Radom|2+1","filter_turkey_7_10_days","turcja","alanya","2026-06-05","2026-06-12","7","Warszawa,Warszawa - Radom","2+1","4","7","7","5697.0","6418.2","7076.5","7907.0","9009.0","7","4","5463.0","6468.2","7875.5","4.28","-0.77","0.4","-1","0"
"2026-06-01T05:45:23+0000","turcja|alanya|2026-06-05|2026-06-13|7|Warszawa,Warszawa - Radom|2+1","filter_turkey_7_10_days","turcja","alanya","2026-06-05","2026-06-13","7","Warszawa,Warszawa - Radom","2+1","4","5","5","5769.0","5849.0","5969.0","6769.0","7769.0","5","5","0.0","0.0","0.0","0.0","0.0","0.0","0","0"
"2026-06-01T08:47:45+0000","turcja|alanya|2026-06-05|2026-06-13|7|Warszawa,Warszawa - Radom|2+1","filter_turkey_7_10_days","turcja","alanya","2026-06-05","2026-06-13","7","Warszawa,Warszawa - Radom","2+1","4","5","5","5769.0","5849.0","5969.0","6769.0","7769.0","5","5","5769.0","5849.0","6769.0","0.0","0.0","0.0","0","0"
"2026-06-01T05:45:23+0000","turcja|alanya|2026-06-05|2026-06-13|8|Warszawa,Warszawa - Radom|2+1","filter_turkey_7_10_days","turcja","alanya","2026-06-05","2026-06-13","8","Warszawa,Warszawa - Radom","2+1","4","1","1","6660.0","6660.0","6660.0","6660.0","6660.0","1","1","0.0","0.0","0.0","0.0","0.0","0.0","0","0"
"2026-06-01T05:45:23+0000","turcja|alanya|2026-06-06|2026-06-13|7|Warszawa,Warszawa - Radom|2+1","filter_turkey_7_10_days","turcja","alanya","2026-06-06","2026-06-13","7","Warszawa,Warszawa - Radom","2+1","5","19","19","5798.0","6770.0","7164.0","7966.0","9517.0","19","10","0.0","0.0","0.0","0.0","0.0","0.0","0","0"
"2026-06-01T08:47:45+0000","turcja|alanya|2026-06-06|2026-06-13|7|Warszawa,Warszawa - Radom|2+1","filter_turkey_7_10_days","turcja","alanya","2026-06-06","2026-06-13","7","Warszawa,Warszawa - Radom","2+1","5","26","26","5798.0","6785.0","6990.75","7564.0","9517.0","26","15","5798.0","6770.0","7966.0","0.0","0.22","-5.05","7","42"
"2026-06-01T05:45:23+0000","turcja|alanya|2026-06-06|2026-06-14|8|Warszawa,Warszawa - Radom|2+1","filter_turkey_7_10_days","turcja","alanya","2026-06-06","2026-06-14","8","Warszawa,Warszawa - Radom","2+1","5","1","1","6604.0","6604.0","6604.0","6604.0","6604.0","1","1","0.0","0.0","0.0","0.0","0.0","0.0","0","0"
"2026-06-01T08:47:45+0000","turcja|alanya|2026-06-06|2026-06-14|8|Warszawa,Warszawa - Radom|2+1","filter_turkey_7_10_days","turcja","alanya","2026-06-06","2026-06-14","8","Warszawa,Warszawa - Radom","2+1","5","1","1","6604.0","6604.0","6604.0","6604.0","6604.0","1","1","6604.0","6604.0","6604.0","0.0","0.0","0.0","0","0"
"2026-06-01T05:45:23+0000","turcja|alanya|2026-06-07|2026-06-14|7|Warszawa,Warszawa - Radom|2+1","filter_turkey_7_10_days","turcja","alanya","2026-06-07","2026-06-14","7","Warszawa,Warszawa - Radom","2+1","6","20","20","5893.0","6346.4","6883.75","7552.0","9412.0","20","13","0.0","0.0","0.0","0.0","0.0","0.0","0","0"
"2026-06-01T08:47:45+0000","turcja|alanya|2026-06-07|2026-06-14|7|Warszawa,Warszawa - Radom|2+1","filter_turkey_7_10_days","turcja","alanya","2026-06-07","2026-06-14","7","Warszawa,Warszawa - Radom","2+1","6","13","13","5893.0","6251.2","6507.0","7647.0","9178.0","13","8","5893.0","6346.4","7552.0","0.0","-1.5","1.26","-7","0"
"2026-06-01T05:45:23+0000","turcja|alanya|2026-06-07|2026-06-15|8|Warszawa,Warszawa - Radom|2+1","filter_turkey_7_10_days","turcja","alanya","2026-06-07","2026-06-15","8","Warszawa,Warszawa - Radom","2+1","6","1","1","4988.0","4988.0","4988.0","4988.0","4988.0","1","1","0.0","0.0","0.0","0.0","0.0","0.0","0","0"
"2026-06-01T08:47:45+0000","turcja|alanya|2026-06-07|2026-06-15|8|Warszawa,Warszawa - Radom|2+1","filter_turkey_7_10_days","turcja","alanya","2026-06-07","2026-06-15","8","Warszawa,Warszawa - Radom","2+1","6","4","4","4196.0","4345.7","4570.25","4919.0","6062.0","4","4","4988.0","4988.0","4988.0","-15.88","-12.88","-1.38","3","66"
"2026-06-01T05:45:23+0000","turcja|alanya|2026-06-08|2026-06-15|7|Warszawa,Warszawa - Radom|2+1","filter_turkey_7_10_days","turcja","alanya","2026-06-08","2026-06-15","7","Warszawa,Warszawa - Radom","2+1","7","15","15","4411.0","4927.8","5783.0","6995.0","9137.0","15","9","0.0","0.0","0.0","0.0","0.0","0.0","0","0"
"2026-06-01T08:47:45+0000","turcja|alanya|2026-06-08|2026-06-15|7|Warszawa,Warszawa - Radom|2+1","filter_turkey_7_10_days","turcja","alanya","2026-06-08","2026-06-15","7","Warszawa,Warszawa - Radom","2+1","7","13","13","4709.0","5326.2","6121.0","7187.0","9137.0","13","7","4411.0","4927.8","6995.0","6.76","8.08","2.74","-2","0"
"2026-06-01T05:45:23+0000","turcja|alanya|2026-06-10|2026-06-17|7|Warszawa,Warszawa - Radom|2+1","filter_turkey_7_10_days","turcja","alanya","2026-06-10","2026-06-17","7","Warszawa,Warszawa - Radom","2+1","9","1","1","8516.0","8516.0","8516.0","8516.0","8516.0","1","0","0.0","0.0","0.0","0.0","0.0","0.0","0","0"
"2026-06-01T08:47:45+0000","turcja|alanya|2026-06-10|2026-06-17|7|Warszawa,Warszawa - Radom|2+1","filter_turkey_7_10_days","turcja","alanya","2026-06-10","2026-06-17","7","Warszawa,Warszawa - Radom","2+1","9","1","1","8516.0","8516.0","8516.0","8516.0","8516.0","1","0","8516.0","8516.0","8516.0","0.0","0.0","0.0","0","0"
"2026-06-01T05:45:23+0000","turcja|alanya|2026-06-11|2026-06-18|7|Warszawa,Warszawa - Radom|2+1","filter_turkey_7_10_days","turcja","alanya","2026-06-11","2026-06-18","7","Warszawa,Warszawa - Radom","2+1","10","4","4","6997.0","7057.0","7147.0","7397.0","8397.0","4","3","0.0","0.0","0.0","0.0","0.0","0.0","0","0"
"2026-06-01T08:47:45+0000","turcja|alanya|2026-06-11|2026-06-18|7|Warszawa,Warszawa - Radom|2+1","filter_turkey_7_10_days","turcja","alanya","2026-06-11","2026-06-18","7","Warszawa,Warszawa - Radom","2+1","10","4","4","6997.0","7057.0","7147.0","7397.0","8397.0","4","3","6997.0","7057.0","7397.0","0.0","0.0","0.0","0","0"
"2026-06-01T05:45:23+0000","turcja|alanya|2026-06-12|2026-06-19|7|Warszawa,Warszawa - Radom|2+1","filter_turkey_7_10_days","turcja","alanya","2026-06-12","2026-06-19","7","Warszawa,Warszawa - Radom","2+1","11","4","4","7337.0","7531.4","7823.0","8076.5","8822.0","4","2","0.0","0.0","0.0","0.0","0.0","0.0","0","0"
"2026-06-01T08:47:45+0000","turcja|alanya|2026-06-12|2026-06-19|7|Warszawa,Warszawa - Radom|2+1","filter_turkey_7_10_days","turcja","alanya","2026-06-12","2026-06-19","7","Warszawa,Warszawa - Radom","2+1","11","4","4","7337.0","7531.4","7823.0","8076.5","8822.0","4","2","7337.0","7531.4","8076.5","0.0","0.0","0.0","0","0"
"2026-06-01T05:45:23+0000","turcja|alanya|2026-06-13|2026-06-20|7|Warszawa,Warszawa - Radom|2+1","filter_turkey_7_10_days","turcja","alanya","2026-06-13","2026-06-20","7","Warszawa,Warszawa - Radom","2+1","12","1","1","8027.0","8027.0","8027.0","8027.0","8027.0","1","0","0.0","0.0","0.0","0.0","0.0","0.0","0","0"
"2026-06-01T08:47:45+0000","turcja|alanya|2026-06-13|2026-06-20|7|Warszawa,Warszawa - Radom|2+1","filter_turkey_7_10_days","turcja","alanya","2026-06-13","2026-06-20","7","Warszawa,Warszawa - Radom","2+1","12","1","1","8027.0","8027.0","8027.0","8027.0","8027.0","1","0","8027.0","8027.0","8027.0","0.0","0.0","0.0","0","0"
"2026-06-01T05:45:23+0000","turcja|alanya|2026-06-13|2026-06-21|8|Warszawa,Warszawa - Radom|2+1","filter_turkey_7_10_days","turcja","alanya","2026-06-13","2026-06-21","8","Warszawa,Warszawa - Radom","2+1","12","1","1","7006.0","7006.0","7006.0","7006.0","7006.0","1","1","0.0","0.0","0.0","0.0","0.0","0.0","0","0"
"2026-06-01T08:47:45+0000","turcja|alanya|2026-06-13|2026-06-21|8|Warszawa,Warszawa - Radom|2+1","filter_turkey_7_10_days","turcja","alanya","2026-06-13","2026-06-21","8","Warszawa,Warszawa - Radom","2+1","12","1","1","7006.0","7006.0","7006.0","7006.0","7006.0","1","1","7006.0","7006.0","7006.0","0.0","0.0","0.0","0","0"
"2026-06-01T05:45:23+0000","turcja|alanya|2026-06-14|2026-06-21|7|Warszawa,Warszawa - Radom|2+1","filter_turkey_7_10_days","turcja","alanya","2026-06-14","2026-06-21","7","Warszawa,Warszawa - Radom","2+1","13","5","5","6260.0","7248.0","8730.0","9462.0","9509.0","5","1","0.0","0.0","0.0","0.0","0.0","0.0","0","0"
"2026-06-01T08:47:45+0000","turcja|alanya|2026-06-14|2026-06-21|7|Warszawa,Warszawa - Radom|2+1","filter_turkey_7_10_days","turcja","alanya","2026-06-14","2026-06-21","7","Warszawa,Warszawa - Radom","2+1","13","4","4","8730.0","8949.6","9279.0","9462.0","9509.0","4","0","6260.0","7248.0","9462.0","39.46","23.48","0.0","-1","0"
"2026-06-01T05:45:23+0000","turcja|alanya|2026-06-15|2026-06-22|7|Warszawa,Warszawa - Radom|2+1","filter_turkey_7_10_days","turcja","alanya","2026-06-15","2026-06-22","7","Warszawa,Warszawa - Radom","2+1","14","1","1","8177.0","8177.0","8177.0","8177.0","8177.0","1","0","0.0","0.0","0.0","0.0","0.0","0.0","0","0"
"2026-06-01T08:47:45+0000","turcja|alanya|2026-06-15|2026-06-22|7|Warszawa,Warszawa - Radom|2+1","filter_turkey_7_10_days","turcja","alanya","2026-06-15","2026-06-22","7","Warszawa,Warszawa - Radom","2+1","14","1","1","8177.0","8177.0","8177.0","8177.0","8177.0","1","0","8177.0","8177.0","8177.0","0.0","0.0","0.0","0","0"
"2026-06-01T05:45:23+0000","turcja|alanya|2026-06-22|2026-06-29|7|Warszawa,Warszawa - Radom|2+1","filter_turkey_7_10_days","turcja","alanya","2026-06-22","2026-06-29","7","Warszawa,Warszawa - Radom","2+1","21","5","5","6741.0","6859.8","7038.0","8797.0","9321.0","5","2","0.0","0.0","0.0","0.0","0.0","0.0","0","0"
"2026-06-01T08:47:45+0000","turcja|alanya|2026-06-22|2026-06-29|7|Warszawa,Warszawa - Radom|2+1","filter_turkey_7_10_days","turcja","alanya","2026-06-22","2026-06-29","7","Warszawa,Warszawa - Radom","2+1","21","5","5","6741.0","6859.8","7038.0","8797.0","9144.0","5","2","6741.0","6859.8","8797.0","0.0","0.0","0.0","0","0"
"2026-06-01T05:45:23+0000","turcja|antalya|2026-06-05|2026-06-12|7|Warszawa,Warszawa - Radom|2+1","filter_turkey_7_10_days","turcja","antalya","2026-06-05","2026-06-12","7","Warszawa,Warszawa - Radom","2+1","4","2","2","7704.0","7839.9","8043.75","8383.5","9063.0","2","1","0.0","0.0","0.0","0.0","0.0","0.0","0","0"
"2026-06-01T08:47:45+0000","turcja|antalya|2026-06-05|2026-06-12|7|Warszawa,Warszawa - Radom|2+1","filter_turkey_7_10_days","turcja","antalya","2026-06-05","2026-06-12","7","Warszawa,Warszawa - Radom","2+1","4","2","2","7704.0","7839.9","8043.75","8383.5","9063.0","2","1","7704.0","7839.9","8383.5","0.0","0.0","0.0","0","0"
"2026-06-01T05:45:23+0000","turcja|antalya|2026-06-06|2026-06-13|7|Warszawa,Warszawa - Radom|2+1","filter_turkey_7_10_days","turcja","antalya","2026-06-06","2026-06-13","7","Warszawa,Warszawa - Radom","2+1","5","1","1","9461.0","9461.0","9461.0","9461.0","9461.0","1","0","0.0","0.0","0.0","0.0","0.0","0.0","0","0"
"2026-06-01T08:47:45+0000","turcja|antalya|2026-06-06|2026-06-13|7|Warszawa,Warszawa - Radom|2+1","filter_turkey_7_10_days","turcja","antalya","2026-06-06","2026-06-13","7","Warszawa,Warszawa - Radom","2+1","5","1","1","9461.0","9461.0","9461.0","9461.0","9461.0","1","0","9461.0","9461.0","9461.0","0.0","0.0","0.0","0","0"
"2026-06-01T05:45:23+0000","turcja|antalya|2026-06-08|2026-06-15|7|Warszawa,Warszawa - Radom|2+1","filter_turkey_7_10_days","turcja","antalya","2026-06-08","2026-06-15","7","Warszawa,Warszawa - Radom","2+1","7","1","1","7358.0","7358.0","7358.0","7358.0","7358.0","1","1","0.0","0.0","0.0","0.0","0.0","0.0","0","0"
"2026-06-01T08:47:45+0000","turcja|antalya|2026-06-08|2026-06-15|7|Warszawa,Warszawa - Radom|2+1","filter_turkey_7_10_days","turcja","antalya","2026-06-08","2026-06-15","7","Warszawa,Warszawa - Radom","2+1","7","1","1","7034.0","7034.0","7034.0","7034.0","7034.0","1","1","7358.0","7358.0","7358.0","-4.4","-4.4","-4.4","0","34"
"2026-06-01T05:45:23+0000","turcja|belek|2026-06-05|2026-06-12|7|Warszawa,Warszawa - Radom|2+1","filter_turkey_7_10_days","turcja","belek","2026-06-05","2026-06-12","7","Warszawa,Warszawa - Radom","2+1","4","6","6","7083.0","7301.5","7534.5","8084.5","9351.0","6","3","0.0","0.0","0.0","0.0","0.0","0.0","0","0"
"2026-06-01T08:47:45+0000","turcja|belek|2026-06-05|2026-06-12|7|Warszawa,Warszawa - Radom|2+1","filter_turkey_7_10_days","turcja","belek","2026-06-05","2026-06-12","7","Warszawa,Warszawa - Radom","2+1","4","5","5","7083.0","7257.8","7520.0","7578.0","8807.0","5","3","7083.0","7301.5","8084.5","0.0","-0.6","-6.27","-1","50"
"2026-06-01T05:45:23+0000","turcja|belek|2026-06-05|2026-06-13|7|Warszawa,Warszawa - Radom|2+1","filter_turkey_7_10_days","turcja","belek","2026-06-05","2026-06-13","7","Warszawa,Warszawa - Radom","2+1","4","2","2","7969.0","8049.0","8169.0","8369.0","8769.0","2","1","0.0","0.0","0.0","0.0","0.0","0.0","0","0"
"2026-06-01T08:47:45+0000","turcja|belek|2026-06-05|2026-06-13|7|Warszawa,Warszawa - Radom|2+1","filter_turkey_7_10_days","turcja","belek","2026-06-05","2026-06-13","7","Warszawa,Warszawa - Radom","2+1","4","2","2","7969.0","8049.0","8169.0","8369.0","8769.0","2","1","7969.0","8049.0","8369.0","0.0","0.0","0.0","0","0"
"2026-06-01T05:45:23+0000","turcja|belek|2026-06-06|2026-06-13|7|Warszawa,Warszawa - Radom|2+1","filter_turkey_7_10_days","turcja","belek","2026-06-06","2026-06-13","7","Warszawa,Warszawa - Radom","2+1","5","1","1","8675.0","8675.0","8675.0","8675.0","8675.0","1","0","0.0","0.0","0.0","0.0","0.0","0.0","0","0"
"2026-06-01T08:47:45+0000","turcja|belek|2026-06-06|2026-06-13|7|Warszawa,Warszawa - Radom|2+1","filter_turkey_7_10_days","turcja","belek","2026-06-06","2026-06-13","7","Warszawa,Warszawa - Radom","2+1","5","2","2","8995.0","8996.9","8999.75","9004.5","9014.0","2","0","8675.0","8675.0","8675.0","3.69","3.71","3.8","1","0"
"2026-06-01T05:45:23+0000","turcja|belek|2026-06-07|2026-06-14|7|Warszawa,Warszawa - Radom|2+1","filter_turkey_7_10_days","turcja","belek","2026-06-07","2026-06-14","7","Warszawa,Warszawa - Radom","2+1","6","2","2","8121.0","8210.3","8344.25","8567.5","9014.0","2","0","0.0","0.0","0.0","0.0","0.0","0.0","0","0"
"2026-06-01T08:47:45+0000","turcja|belek|2026-06-07|2026-06-14|7|Warszawa,Warszawa - Radom|2+1","filter_turkey_7_10_days","turcja","belek","2026-06-07","2026-06-14","7","Warszawa,Warszawa - Radom","2+1","6","1","1","8121.0","8121.0","8121.0","8121.0","8121.0","1","0","8121.0","8210.3","8567.5","0.0","-1.09","-5.21","-1","39"
"2026-06-01T05:45:23+0000","turcja|belek|2026-06-08|2026-06-15|7|Warszawa,Warszawa - Radom|2+1","filter_turkey_7_10_days","turcja","belek","2026-06-08","2026-06-15","7","Warszawa,Warszawa - Radom","2+1","7","3","3","8027.0","8142.8","8316.5","8606.0","9127.0","3","0","0.0","0.0","0.0","0.0","0.0","0.0","0","0"
"2026-06-01T08:47:45+0000","turcja|belek|2026-06-08|2026-06-15|7|Warszawa,Warszawa - Radom|2+1","filter_turkey_7_10_days","turcja","belek","2026-06-08","2026-06-15","7","Warszawa,Warszawa - Radom","2+1","7","4","4","8027.0","8200.7","8461.25","8866.5","9477.0","4","0","8027.0","8142.8","8606.0","0.0","0.71","3.03","1","0"
"2026-06-01T05:45:23+0000","turcja|belek|2026-06-11|2026-06-18|7|Warszawa,Warszawa - Radom|2+1","filter_turkey_7_10_days","turcja","belek","2026-06-11","2026-06-18","7","Warszawa,Warszawa - Radom","2+1","10","1","1","8597.0","8597.0","8597.0","8597.0","8597.0","1","0","0.0","0.0","0.0","0.0","0.0","0.0","0","0"
"2026-06-01T08:47:45+0000","turcja|belek|2026-06-11|2026-06-18|7|Warszawa,Warszawa - Radom|2+1","filter_turkey_7_10_days","turcja","belek","2026-06-11","2026-06-18","7","Warszawa,Warszawa - Radom","2+1","10","1","1","8597.0","8597.0","8597.0","8597.0","8597.0","1","0","8597.0","8597.0","8597.0","0.0","0.0","0.0","0","0"
"2026-06-01T05:45:23+0000","turcja|bodrum|2026-06-04|2026-06-12|7|Warszawa,Warszawa - Radom|2+1","filter_turkey_7_10_days","turcja","bodrum","2026-06-04","2026-06-12","7","Warszawa,Warszawa - Radom","2+1","3","2","2","7257.0","7477.0","7807.0","8357.0","9457.0","2","1","0.0","0.0","0.0","0.0","0.0","0.0","0","0"
"2026-06-01T08:47:45+0000","turcja|bodrum|2026-06-04|2026-06-12|7|Warszawa,Warszawa - Radom|2+1","filter_turkey_7_10_days","turcja","bodrum","2026-06-04","2026-06-12","7","Warszawa,Warszawa - Radom","2+1","3","3","3","7257.0","7297.0","7357.0","7457.0","9457.0","3","2","7257.0","7477.0","8357.0","0.0","-2.41","-10.77","1","77"
"2026-06-01T05:45:23+0000","turcja|bodrum|2026-06-07|2026-06-14|7|Warszawa,Warszawa - Radom|2+1","filter_turkey_7_10_days","turcja","bodrum","2026-06-07","2026-06-14","7","Warszawa,Warszawa - Radom","2+1","6","4","4","7476.0","8001.9","8790.75","9268.5","9586.0","4","1","0.0","0.0","0.0","0.0","0.0","0.0","0","0"
"2026-06-01T08:47:45+0000","turcja|bodrum|2026-06-07|2026-06-14|7|Warszawa,Warszawa - Radom|2+1","filter_turkey_7_10_days","turcja","bodrum","2026-06-07","2026-06-14","7","Warszawa,Warszawa - Radom","2+1","6","3","3","7476.0","7826.6","8352.5","9229.0","9308.0","3","1","7476.0","8001.9","9268.5","0.0","-2.19","-0.43","-1","0"
"2026-06-01T05:45:23+0000","turcja|bodrum|2026-06-07|2026-06-15|7|Warszawa,Warszawa - Radom|2+1","filter_turkey_7_10_days","turcja","bodrum","2026-06-07","2026-06-15","7","Warszawa,Warszawa - Radom","2+1","6","4","4","6814.0","7047.1","7396.75","7624.0","9478.0","4","3","0.0","0.0","0.0","0.0","0.0","0.0","0","0"
"2026-06-01T08:47:45+0000","turcja|bodrum|2026-06-07|2026-06-15|7|Warszawa,Warszawa - Radom|2+1","filter_turkey_7_10_days","turcja","bodrum","2026-06-07","2026-06-15","7","Warszawa,Warszawa - Radom","2+1","6","4","4","6214.0","6627.1","7246.75","7624.0","8878.0","4","3","6814.0","7047.1","7624.0","-8.81","-5.96","0.0","0","35"
"2026-06-01T05:45:23+0000","turcja|bodrum|2026-06-09|2026-06-16|7|Warszawa,Warszawa - Radom|2+1","filter_turkey_7_10_days","turcja","bodrum","2026-06-09","2026-06-16","7","Warszawa,Warszawa - Radom","2+1","8","4","4","6260.0","6801.8","7614.5","8204.0","8989.0","4","1","0.0","0.0","0.0","0.0","0.0","0.0","0","0"
"2026-06-01T08:47:45+0000","turcja|bodrum|2026-06-09|2026-06-16|7|Warszawa,Warszawa - Radom|2+1","filter_turkey_7_10_days","turcja","bodrum","2026-06-09","2026-06-16","7","Warszawa,Warszawa - Radom","2+1","8","4","4","6260.0","6801.8","7614.5","8204.0","8989.0","4","1","6260.0","6801.8","8204.0","0.0","0.0","0.0","0","0"
"2026-06-01T05:45:23+0000","turcja|bodrum|2026-06-10|2026-06-17|7|Warszawa,Warszawa - Radom|2+1","filter_turkey_7_10_days","turcja","bodrum","2026-06-10","2026-06-17","7","Warszawa,Warszawa - Radom","2+1","9","5","5","8213.0","8236.2","8271.0","8708.0","9207.0","5","0","0.0","0.0","0.0","0.0","0.0","0.0","0","0"
"2026-06-01T08:47:45+0000","turcja|bodrum|2026-06-10|2026-06-17|7|Warszawa,Warszawa - Radom|2+1","filter_turkey_7_10_days","turcja","bodrum","2026-06-10","2026-06-17","7","Warszawa,Warszawa - Radom","2+1","9","5","5","8213.0","8236.2","8271.0","8708.0","9207.0","5","0","8213.0","8236.2","8708.0","0.0","0.0","0.0","0","0"
"2026-06-01T05:45:23+0000","turcja|bodrum|2026-06-11|2026-06-19|7|Warszawa,Warszawa - Radom|2+1","filter_turkey_7_10_days","turcja","bodrum","2026-06-11","2026-06-19","7","Warszawa,Warszawa - Radom","2+1","10","2","2","7257.0","7357.0","7507.0","7757.0","8257.0","2","1","0.0","0.0","0.0","0.0","0.0","0.0","0","0"
"2026-06-01T08:47:45+0000","turcja|bodrum|2026-06-11|2026-06-19|7|Warszawa,Warszawa - Radom|2+1","filter_turkey_7_10_days","turcja","bodrum","2026-06-11","2026-06-19","7","Warszawa,Warszawa - Radom","2+1","10","1","1","7257.0","7257.0","7257.0","7257.0","7257.0","1","1","7257.0","7357.0","7757.0","0.0","-1.36","-6.45","-1","0"
"2026-06-01T05:45:23+0000","turcja|bodrum|2026-06-14|2026-06-21|7|Warszawa,Warszawa - Radom|2+1","filter_turkey_7_10_days","turcja","bodrum","2026-06-14","2026-06-21","7","Warszawa,Warszawa - Radom","2+1","13","2","2","9147.0","9158.0","9174.5","9202.0","9257.0","2","0","0.0","0.0","0.0","0.0","0.0","0.0","0","0"
"2026-06-01T08:47:45+0000","turcja|bodrum|2026-06-14|2026-06-21|7|Warszawa,Warszawa - Radom|2+1","filter_turkey_7_10_days","turcja","bodrum","2026-06-14","2026-06-21","7","Warszawa,Warszawa - Radom","2+1","13","2","2","9147.0","9158.0","9174.5","9202.0","9257.0","2","0","9147.0","9158.0","9202.0","0.0","0.0","0.0","0","0"
"2026-06-01T05:45:23+0000","turcja|bodrum|2026-06-17|2026-06-24|7|Warszawa,Warszawa - Radom|2+1","filter_turkey_7_10_days","turcja","bodrum","2026-06-17","2026-06-24","7","Warszawa,Warszawa - Radom","2+1","16","2","2","7178.0","7234.7","7319.75","7461.5","7745.0","2","2","0.0","0.0","0.0","0.0","0.0","0.0","0","0"
"2026-06-01T08:47:45+0000","turcja|bodrum|2026-06-17|2026-06-24|7|Warszawa,Warszawa - Radom|2+1","filter_turkey_7_10_days","turcja","bodrum","2026-06-17","2026-06-24","7","Warszawa,Warszawa - Radom","2+1","16","2","2","7178.0","7234.7","7319.75","7461.5","7745.0","2","2","7178.0","7234.7","7461.5","0.0","0.0","0.0","0","0"
"2026-06-01T05:45:23+0000","turcja|cesme|2026-06-05|2026-06-13|7|Warszawa,Warszawa - Radom|2+1","filter_turkey_7_10_days","turcja","cesme","2026-06-05","2026-06-13","7","Warszawa,Warszawa - Radom","2+1","4","1","1","7391.0","7391.0","7391.0","7391.0","7391.0","1","1","0.0","0.0","0.0","0.0","0.0","0.0","0","0"
"2026-06-01T08:47:45+0000","turcja|cesme|2026-06-05|2026-06-13|7|Warszawa,Warszawa - Radom|2+1","filter_turkey_7_10_days","turcja","cesme","2026-06-05","2026-06-13","7","Warszawa,Warszawa - Radom","2+1","4","1","1","7391.0","7391.0","7391.0","7391.0","7391.0","1","1","7391.0","7391.0","7391.0","0.0","0.0","0.0","0","0"
"2026-06-01T05:45:23+0000","turcja|cesme|2026-06-09|2026-06-16|7|Warszawa,Warszawa - Radom|2+1","filter_turkey_7_10_days","turcja","cesme","2026-06-09","2026-06-16","7","Warszawa,Warszawa - Radom","2+1","8","1","1","8529.0","8529.0","8529.0","8529.0","8529.0","1","0","0.0","0.0","0.0","0.0","0.0","0.0","0","0"
"2026-06-01T08:47:45+0000","turcja|cesme|2026-06-09|2026-06-16|7|Warszawa,Warszawa - Radom|2+1","filter_turkey_7_10_days","turcja","cesme","2026-06-09","2026-06-16","7","Warszawa,Warszawa - Radom","2+1","8","1","1","8529.0","8529.0","8529.0","8529.0","8529.0","1","0","8529.0","8529.0","8529.0","0.0","0.0","0.0","0","0"
"2026-06-01T05:45:23+0000","turcja|istambul|2026-06-10|2026-06-17|7|Warszawa,Warszawa - Radom|2+1","filter_turkey_7_10_days","turcja","istambul","2026-06-10","2026-06-17","7","Warszawa,Warszawa - Radom","2+1","9","1","1","8659.0","8659.0","8659.0","8659.0","8659.0","1","0","0.0","0.0","0.0","0.0","0.0","0.0","0","0"
"2026-06-01T08:47:45+0000","turcja|istambul|2026-06-10|2026-06-17|7|Warszawa,Warszawa - Radom|2+1","filter_turkey_7_10_days","turcja","istambul","2026-06-10","2026-06-17","7","Warszawa,Warszawa - Radom","2+1","9","1","1","8659.0","8659.0","8659.0","8659.0","8659.0","1","0","8659.0","8659.0","8659.0","0.0","0.0","0.0","0","0"
"2026-06-01T05:45:23+0000","turcja|istambul|2026-06-14|2026-06-21|7|Warszawa,Warszawa - Radom|2+1","filter_turkey_7_10_days","turcja","istambul","2026-06-14","2026-06-21","7","Warszawa,Warszawa - Radom","2+1","13","1","1","9345.0","9345.0","9345.0","9345.0","9345.0","1","0","0.0","0.0","0.0","0.0","0.0","0.0","0","0"
"2026-06-01T08:47:45+0000","turcja|istambul|2026-06-14|2026-06-21|7|Warszawa,Warszawa - Radom|2+1","filter_turkey_7_10_days","turcja","istambul","2026-06-14","2026-06-21","7","Warszawa,Warszawa - Radom","2+1","13","1","1","9345.0","9345.0","9345.0","9345.0","9345.0","1","0","9345.0","9345.0","9345.0","0.0","0.0","0.0","0","0"
"2026-06-01T05:45:23+0000","turcja|istambul|2026-06-17|2026-06-24|7|Warszawa,Warszawa - Radom|2+1","filter_turkey_7_10_days","turcja","istambul","2026-06-17","2026-06-24","7","Warszawa,Warszawa - Radom","2+1","16","1","1","8358.0","8358.0","8358.0","8358.0","8358.0","1","0","0.0","0.0","0.0","0.0","0.0","0.0","0","0"
"2026-06-01T08:47:45+0000","turcja|istambul|2026-06-17|2026-06-24|7|Warszawa,Warszawa - Radom|2+1","filter_turkey_7_10_days","turcja","istambul","2026-06-17","2026-06-24","7","Warszawa,Warszawa - Radom","2+1","16","1","1","8358.0","8358.0","8358.0","8358.0","8358.0","1","0","8358.0","8358.0","8358.0","0.0","0.0","0.0","0","0"
"2026-06-01T05:45:23+0000","turcja|istambul|2026-06-22|2026-06-29|7|Warszawa,Warszawa - Radom|2+1","filter_turkey_7_10_days","turcja","istambul","2026-06-22","2026-06-29","7","Warszawa,Warszawa - Radom","2+1","21","1","1","9363.0","9363.0","9363.0","9363.0","9363.0","1","0","0.0","0.0","0.0","0.0","0.0","0.0","0","0"
"2026-06-01T08:47:45+0000","turcja|istambul|2026-06-22|2026-06-29|7|Warszawa,Warszawa - Radom|2+1","filter_turkey_7_10_days","turcja","istambul","2026-06-22","2026-06-29","7","Warszawa,Warszawa - Radom","2+1","21","1","1","9363.0","9363.0","9363.0","9363.0","9363.0","1","0","9363.0","9363.0","9363.0","0.0","0.0","0.0","0","0"
"2026-06-01T08:47:45+0000","turcja|kemer|2026-06-02|2026-06-09|7|Warszawa,Warszawa - Radom|2+1","filter_turkey_7_10_days","turcja","kemer","2026-06-02","2026-06-09","7","Warszawa,Warszawa - Radom","2+1","1","1","1","7271.0","7271.0","7271.0","7271.0","7271.0","1","1","0.0","0.0","0.0","0.0","0.0","0.0","0","0"
"2026-06-01T05:45:23+0000","turcja|kemer|2026-06-05|2026-06-12|7|Warszawa,Warszawa - Radom|2+1","filter_turkey_7_10_days","turcja","kemer","2026-06-05","2026-06-12","7","Warszawa,Warszawa - Radom","2+1","4","8","8","6480.0","6861.5","7605.5","8210.5","9374.0","8","3","0.0","0.0","0.0","0.0","0.0","0.0","0","0"
"2026-06-01T08:47:45+0000","turcja|kemer|2026-06-05|2026-06-12|7|Warszawa,Warszawa - Radom|2+1","filter_turkey_7_10_days","turcja","kemer","2026-06-05","2026-06-12","7","Warszawa,Warszawa - Radom","2+1","4","6","6","6480.0","7139.5","7873.25","8469.5","9374.0","6","2","6480.0","6861.5","8210.5","0.0","4.05","3.15","-2","0"
"2026-06-01T05:45:23+0000","turcja|kemer|2026-06-05|2026-06-13|7|Warszawa,Warszawa - Radom|2+1","filter_turkey_7_10_days","turcja","kemer","2026-06-05","2026-06-13","7","Warszawa,Warszawa - Radom","2+1","4","5","5","5569.0","6609.0","8169.0","8169.0","9369.0","5","1","0.0","0.0","0.0","0.0","0.0","0.0","0","0"
"2026-06-01T08:47:45+0000","turcja|kemer|2026-06-05|2026-06-13|7|Warszawa,Warszawa - Radom|2+1","filter_turkey_7_10_days","turcja","kemer","2026-06-05","2026-06-13","7","Warszawa,Warszawa - Radom","2+1","4","3","3","8169.0","8346.6","8613.0","9057.0","9369.0","3","0","5569.0","6609.0","8169.0","46.69","26.29","10.87","-2","0"
"2026-06-01T05:45:23+0000","turcja|kemer|2026-06-06|2026-06-13|7|Warszawa,Warszawa - Radom|2+1","filter_turkey_7_10_days","turcja","kemer","2026-06-06","2026-06-13","7","Warszawa,Warszawa - Radom","2+1","5","10","10","6225.0","7015.2","7432.0","8067.0","9353.0","10","4","0.0","0.0","0.0","0.0","0.0","0.0","0","0"
"2026-06-01T08:47:45+0000","turcja|kemer|2026-06-06|2026-06-13|7|Warszawa,Warszawa - Radom|2+1","filter_turkey_7_10_days","turcja","kemer","2026-06-06","2026-06-13","7","Warszawa,Warszawa - Radom","2+1","5","11","11","6225.0","7103.0","7733.0","8124.0","9353.0","11","4","6225.0","7015.2","8067.0","0.0","1.25","0.71","1","0"
"2026-06-01T05:45:23+0000","turcja|kemer|2026-06-07|2026-06-14|7|Warszawa,Warszawa - Radom|2+1","filter_turkey_7_10_days","turcja","kemer","2026-06-07","2026-06-14","7","Warszawa,Warszawa - Radom","2+1","6","2","2","7399.0","7581.9","7856.25","8313.5","9228.0","2","1","0.0","0.0","0.0","0.0","0.0","0.0","0","0"
"2026-06-01T08:47:45+0000","turcja|kemer|2026-06-07|2026-06-14|7|Warszawa,Warszawa - Radom|2+1","filter_turkey_7_10_days","turcja","kemer","2026-06-07","2026-06-14","7","Warszawa,Warszawa - Radom","2+1","6","2","2","7399.0","7581.9","7856.25","8313.5","9228.0","2","1","7399.0","7581.9","8313.5","0.0","0.0","0.0","0","0"
"2026-06-01T05:45:23+0000","turcja|kemer|2026-06-08|2026-06-15|7|Warszawa,Warszawa - Radom|2+1","filter_turkey_7_10_days","turcja","kemer","2026-06-08","2026-06-15","7","Warszawa,Warszawa - Radom","2+1","7","7","7","5569.0","6453.4","7043.0","7497.0","8463.0","7","6","0.0","0.0","0.0","0.0","0.0","0.0","0","0"
"2026-06-01T08:47:45+0000","turcja|kemer|2026-06-08|2026-06-15|7|Warszawa,Warszawa - Radom|2+1","filter_turkey_7_10_days","turcja","kemer","2026-06-08","2026-06-15","7","Warszawa,Warszawa - Radom","2+1","7","11","11","5569.0","6397.0","7043.0","7799.0","8597.0","11","7","5569.0","6453.4","7497.0","0.0","-0.87","4.03","4","0"
"2026-06-01T05:45:23+0000","turcja|kemer|2026-06-10|2026-06-17|7|Warszawa,Warszawa - Radom|2+1","filter_turkey_7_10_days","turcja","kemer","2026-06-10","2026-06-17","7","Warszawa,Warszawa - Radom","2+1","9","1","1","7870.0","7870.0","7870.0","7870.0","7870.0","1","1","0.0","0.0","0.0","0.0","0.0","0.0","0","0"
"2026-06-01T08:47:45+0000","turcja|kemer|2026-06-10|2026-06-17|7|Warszawa,Warszawa - Radom|2+1","filter_turkey_7_10_days","turcja","kemer","2026-06-10","2026-06-17","7","Warszawa,Warszawa - Radom","2+1","9","1","1","7870.0","7870.0","7870.0","7870.0","7870.0","1","1","7870.0","7870.0","7870.0","0.0","0.0","0.0","0","0"
"2026-06-01T05:45:23+0000","turcja|kemer|2026-06-14|2026-06-21|7|Warszawa,Warszawa - Radom|2+1","filter_turkey_7_10_days","turcja","kemer","2026-06-14","2026-06-21","7","Warszawa,Warszawa - Radom","2+1","13","1","1","7164.0","7164.0","7164.0","7164.0","7164.0","1","1","0.0","0.0","0.0","0.0","0.0","0.0","0","0"
"2026-06-01T08:47:45+0000","turcja|kemer|2026-06-14|2026-06-21|7|Warszawa,Warszawa - Radom|2+1","filter_turkey_7_10_days","turcja","kemer","2026-06-14","2026-06-21","7","Warszawa,Warszawa - Radom","2+1","13","1","1","7164.0","7164.0","7164.0","7164.0","7164.0","1","1","7164.0","7164.0","7164.0","0.0","0.0","0.0","0","0"
"2026-06-01T05:45:23+0000","turcja|kemer|2026-06-18|2026-06-25|7|Warszawa,Warszawa - Radom|2+1","filter_turkey_7_10_days","turcja","kemer","2026-06-18","2026-06-25","7","Warszawa,Warszawa - Radom","2+1","17","1","1","7897.0","7897.0","7897.0","7897.0","7897.0","1","1","0.0","0.0","0.0","0.0","0.0","0.0","0","0"
"2026-06-01T08:47:45+0000","turcja|kemer|2026-06-18|2026-06-25|7|Warszawa,Warszawa - Radom|2+1","filter_turkey_7_10_days","turcja","kemer","2026-06-18","2026-06-25","7","Warszawa,Warszawa - Radom","2+1","17","1","1","7897.0","7897.0","7897.0","7897.0","7897.0","1","1","7897.0","7897.0","7897.0","0.0","0.0","0.0","0","0"
"2026-06-01T05:45:23+0000","turcja|kemer|2026-06-22|2026-06-29|7|Warszawa,Warszawa - Radom|2+1","filter_turkey_7_10_days","turcja","kemer","2026-06-22","2026-06-29","7","Warszawa,Warszawa - Radom","2+1","21","1","1","8357.0","8357.0","8357.0","8357.0","8357.0","1","0","0.0","0.0","0.0","0.0","0.0","0.0","0","0"
"2026-06-01T05:45:23+0000","turcja|kusadasi|2026-06-07|2026-06-15|7|Warszawa,Warszawa - Radom|2+1","filter_turkey_7_10_days","turcja","kusadasi","2026-06-07","2026-06-15","7","Warszawa,Warszawa - Radom","2+1","6","4","4","7967.0","8163.5","8458.25","8822.5","9444.0","4","1","0.0","0.0","0.0","0.0","0.0","0.0","0","0"
"2026-06-01T08:47:45+0000","turcja|kusadasi|2026-06-07|2026-06-15|7|Warszawa,Warszawa - Radom|2+1","filter_turkey_7_10_days","turcja","kusadasi","2026-06-07","2026-06-15","7","Warszawa,Warszawa - Radom","2+1","6","5","5","7367.0","7629.0","8022.0","8423.0","9480.0","5","1","7967.0","8163.5","8822.5","-7.53","-6.55","-4.53","1","37"
"2026-06-01T05:45:23+0000","turcja|kusadasi|2026-06-09|2026-06-16|7|Warszawa,Warszawa - Radom|2+1","filter_turkey_7_10_days","turcja","kusadasi","2026-06-09","2026-06-16","7","Warszawa,Warszawa - Radom","2+1","8","4","4","7197.0","7352.7","7586.25","7748.0","7889.0","4","4","0.0","0.0","0.0","0.0","0.0","0.0","0","0"
"2026-06-01T08:47:45+0000","turcja|kusadasi|2026-06-09|2026-06-16|7|Warszawa,Warszawa - Radom|2+1","filter_turkey_7_10_days","turcja","kusadasi","2026-06-09","2026-06-16","7","Warszawa,Warszawa - Radom","2+1","8","5","5","7197.0","7309.4","7478.0","7716.0","7889.0","5","5","7197.0","7352.7","7748.0","0.0","-0.59","-0.41","1","0"
"2026-06-01T05:45:23+0000","turcja|kusadasi|2026-06-09|2026-06-17|7|Warszawa,Warszawa - Radom|2+1","filter_turkey_7_10_days","turcja","kusadasi","2026-06-09","2026-06-17","7","Warszawa,Warszawa - Radom","2+1","8","2","2","8657.0","8697.0","8757.0","8857.0","9057.0","2","0","0.0","0.0","0.0","0.0","0.0","0.0","0","0"
"2026-06-01T08:47:45+0000","turcja|kusadasi|2026-06-09|2026-06-17|7|Warszawa,Warszawa - Radom|2+1","filter_turkey_7_10_days","turcja","kusadasi","2026-06-09","2026-06-17","7","Warszawa,Warszawa - Radom","2+1","8","2","2","8657.0","8697.0","8757.0","8857.0","9057.0","2","0","8657.0","8697.0","8857.0","0.0","0.0","0.0","0","0"
"2026-06-01T05:45:23+0000","turcja|kusadasi|2026-06-10|2026-06-17|7|Warszawa,Warszawa - Radom|2+1","filter_turkey_7_10_days","turcja","kusadasi","2026-06-10","2026-06-17","7","Warszawa,Warszawa - Radom","2+1","9","6","6","5382.0","5488.0","5713.25","6453.5","8231.0","6","5","0.0","0.0","0.0","0.0","0.0","0.0","0","0"
"2026-06-01T08:47:45+0000","turcja|kusadasi|2026-06-10|2026-06-17|7|Warszawa,Warszawa - Radom|2+1","filter_turkey_7_10_days","turcja","kusadasi","2026-06-10","2026-06-17","7","Warszawa,Warszawa - Radom","2+1","9","6","6","5382.0","5488.0","5713.25","6453.5","8231.0","6","5","5382.0","5488.0","6453.5","0.0","0.0","0.0","0","0"
"2026-06-01T05:45:23+0000","turcja|kusadasi|2026-06-16|2026-06-23|7|Warszawa,Warszawa - Radom|2+1","filter_turkey_7_10_days","turcja","kusadasi","2026-06-16","2026-06-23","7","Warszawa,Warszawa - Radom","2+1","15","1","1","7478.0","7478.0","7478.0","7478.0","7478.0","1","1","0.0","0.0","0.0","0.0","0.0","0.0","0","0"
"2026-06-01T05:45:23+0000","turcja|kusadasi|2026-06-23|2026-06-30|7|Warszawa,Warszawa - Radom|2+1","filter_turkey_7_10_days","turcja","kusadasi","2026-06-23","2026-06-30","7","Warszawa,Warszawa - Radom","2+1","22","2","2","7850.0","7937.9","8069.75","8289.5","8729.0","2","1","0.0","0.0","0.0","0.0","0.0","0.0","0","0"
"2026-06-01T08:47:45+0000","turcja|kusadasi|2026-06-23|2026-06-30|7|Warszawa,Warszawa - Radom|2+1","filter_turkey_7_10_days","turcja","kusadasi","2026-06-23","2026-06-30","7","Warszawa,Warszawa - Radom","2+1","22","2","2","7850.0","7937.9","8069.75","8289.5","8729.0","2","1","7850.0","7937.9","8289.5","0.0","0.0","0.0","0","0"
"2026-06-01T05:45:23+0000","turcja|kusadasi|2026-06-24|2026-07-01|7|Warszawa,Warszawa - Radom|2+1","filter_turkey_7_10_days","turcja","kusadasi","2026-06-24","2026-07-01","7","Warszawa,Warszawa - Radom","2+1","23","1","1","7124.0","7124.0","7124.0","7124.0","7124.0","1","1","0.0","0.0","0.0","0.0","0.0","0.0","0","0"
"2026-06-01T08:47:45+0000","turcja|kusadasi|2026-06-24|2026-07-01|7|Warszawa,Warszawa - Radom|2+1","filter_turkey_7_10_days","turcja","kusadasi","2026-06-24","2026-07-01","7","Warszawa,Warszawa - Radom","2+1","23","1","1","7124.0","7124.0","7124.0","7124.0","7124.0","1","1","7124.0","7124.0","7124.0","0.0","0.0","0.0","0","0"
"2026-06-01T05:45:23+0000","turcja|marmaris|2026-06-05|2026-06-12|7|Warszawa,Warszawa - Radom|2+1","filter_turkey_7_10_days","turcja","marmaris","2026-06-05","2026-06-12","7","Warszawa,Warszawa - Radom","2+1","4","1","1","7695.0","7695.0","7695.0","7695.0","7695.0","1","1","0.0","0.0","0.0","0.0","0.0","0.0","0","0"
"2026-06-01T08:47:45+0000","turcja|marmaris|2026-06-05|2026-06-12|7|Warszawa,Warszawa - Radom|2+1","filter_turkey_7_10_days","turcja","marmaris","2026-06-05","2026-06-12","7","Warszawa,Warszawa - Radom","2+1","4","2","2","8944.0","8962.1","8989.25","9034.5","9125.0","2","0","7695.0","7695.0","7695.0","16.23","16.47","17.41","1","0"
"2026-06-01T05:45:23+0000","turcja|marmaris|2026-06-05|2026-06-13|7|Warszawa,Warszawa - Radom|2+1","filter_turkey_7_10_days","turcja","marmaris","2026-06-05","2026-06-13","7","Warszawa,Warszawa - Radom","2+1","4","2","2","6457.0","6497.0","6557.0","6657.0","6857.0","2","2","0.0","0.0","0.0","0.0","0.0","0.0","0","0"
"2026-06-01T08:47:45+0000","turcja|marmaris|2026-06-05|2026-06-13|7|Warszawa,Warszawa - Radom|2+1","filter_turkey_7_10_days","turcja","marmaris","2026-06-05","2026-06-13","7","Warszawa,Warszawa - Radom","2+1","4","2","2","6457.0","6497.0","6557.0","6657.0","6857.0","2","2","6457.0","6497.0","6657.0","0.0","0.0","0.0","0","0"
"2026-06-01T05:45:23+0000","turcja|marmaris|2026-06-08|2026-06-15|7|Warszawa,Warszawa - Radom|2+1","filter_turkey_7_10_days","turcja","marmaris","2026-06-08","2026-06-15","7","Warszawa,Warszawa - Radom","2+1","7","3","3","7607.0","7931.8","8419.0","9231.0","9465.0","3","1","0.0","0.0","0.0","0.0","0.0","0.0","0","0"
"2026-06-01T08:47:45+0000","turcja|marmaris|2026-06-08|2026-06-15|7|Warszawa,Warszawa - Radom|2+1","filter_turkey_7_10_days","turcja","marmaris","2026-06-08","2026-06-15","7","Warszawa,Warszawa - Radom","2+1","7","2","2","7534.0","7712.1","7979.25","8424.5","9315.0","2","1","7607.0","7931.8","9231.0","-0.96","-2.77","-8.74","-1","60"
"2026-06-01T05:45:23+0000","turcja|marmaris|2026-06-10|2026-06-17|7|Warszawa,Warszawa - Radom|2+1","filter_turkey_7_10_days","turcja","marmaris","2026-06-10","2026-06-17","7","Warszawa,Warszawa - Radom","2+1","9","2","2","8150.0","8288.1","8495.25","8840.5","9531.0","2","0","0.0","0.0","0.0","0.0","0.0","0.0","0","0"
"2026-06-01T08:47:45+0000","turcja|marmaris|2026-06-10|2026-06-17|7|Warszawa,Warszawa - Radom|2+1","filter_turkey_7_10_days","turcja","marmaris","2026-06-10","2026-06-17","7","Warszawa,Warszawa - Radom","2+1","9","1","1","8150.0","8150.0","8150.0","8150.0","8150.0","1","0","8150.0","8288.1","8840.5","0.0","-1.67","-7.81","-1","0"
"2026-06-01T05:45:23+0000","turcja|marmaris|2026-06-24|2026-07-01|7|Warszawa,Warszawa - Radom|2+1","filter_turkey_7_10_days","turcja","marmaris","2026-06-24","2026-07-01","7","Warszawa,Warszawa - Radom","2+1","23","4","4","6336.0","6776.1","7436.25","7816.5","8420.0","4","3","0.0","0.0","0.0","0.0","0.0","0.0","0","0"
"2026-06-01T08:47:45+0000","turcja|marmaris|2026-06-24|2026-07-01|7|Warszawa,Warszawa - Radom|2+1","filter_turkey_7_10_days","turcja","marmaris","2026-06-24","2026-07-01","7","Warszawa,Warszawa - Radom","2+1","23","4","4","6336.0","6776.1","7436.25","7816.5","8420.0","4","3","6336.0","6776.1","7816.5","0.0","0.0","0.0","0","0"
"2026-06-01T08:47:45+0000","turcja|side|2026-06-02|2026-06-09|7|Warszawa,Warszawa - Radom|2+1","filter_turkey_7_10_days","turcja","side","2026-06-02","2026-06-09","7","Warszawa,Warszawa - Radom","2+1","1","2","2","8097.0","8110.4","8130.5","8164.0","8231.0","2","0","0.0","0.0","0.0","0.0","0.0","0.0","0","0"
"2026-06-01T08:47:45+0000","turcja|side|2026-06-02|2026-06-11|9|Warszawa,Warszawa - Radom|2+1","filter_turkey_7_10_days","turcja","side","2026-06-02","2026-06-11","9","Warszawa,Warszawa - Radom","2+1","1","1","1","5374.0","5374.0","5374.0","5374.0","5374.0","1","1","0.0","0.0","0.0","0.0","0.0","0.0","0","0"
"2026-06-01T05:45:23+0000","turcja|side|2026-06-05|2026-06-12|7|Warszawa,Warszawa - Radom|2+1","filter_turkey_7_10_days","turcja","side","2026-06-05","2026-06-12","7","Warszawa,Warszawa - Radom","2+1","4","12","12","6026.0","6595.2","6952.5","7718.0","9113.0","12","7","0.0","0.0","0.0","0.0","0.0","0.0","0","0"
"2026-06-01T08:47:45+0000","turcja|side|2026-06-05|2026-06-12|7|Warszawa,Warszawa - Radom|2+1","filter_turkey_7_10_days","turcja","side","2026-06-05","2026-06-12","7","Warszawa,Warszawa - Radom","2+1","4","14","14","6372.0","6625.4","7103.0","7368.5","8595.0","14","9","6026.0","6595.2","7718.0","5.74","0.46","-4.53","2","39"
"2026-06-01T05:45:23+0000","turcja|side|2026-06-05|2026-06-13|7|Warszawa,Warszawa - Radom|2+1","filter_turkey_7_10_days","turcja","side","2026-06-05","2026-06-13","7","Warszawa,Warszawa - Radom","2+1","4","8","8","6169.0","6449.0","6569.0","7069.0","8457.0","8","7","0.0","0.0","0.0","0.0","0.0","0.0","0","0"
"2026-06-01T08:47:45+0000","turcja|side|2026-06-05|2026-06-13|7|Warszawa,Warszawa - Radom|2+1","filter_turkey_7_10_days","turcja","side","2026-06-05","2026-06-13","7","Warszawa,Warszawa - Radom","2+1","4","8","8","6169.0","6449.0","6569.0","7069.0","8457.0","8","7","6169.0","6449.0","7069.0","0.0","0.0","0.0","0","0"
"2026-06-01T05:45:23+0000","turcja|side|2026-06-06|2026-06-13|7|Warszawa,Warszawa - Radom|2+1","filter_turkey_7_10_days","turcja","side","2026-06-06","2026-06-13","7","Warszawa,Warszawa - Radom","2+1","5","25","25","5425.0","6448.6","7458.0","7908.0","9503.0","25","14","0.0","0.0","0.0","0.0","0.0","0.0","0","0"
"2026-06-01T08:47:45+0000","turcja|side|2026-06-06|2026-06-13|7|Warszawa,Warszawa - Radom|2+1","filter_turkey_7_10_days","turcja","side","2026-06-06","2026-06-13","7","Warszawa,Warszawa - Radom","2+1","5","25","25","6383.0","6734.8","7465.0","8006.0","9503.0","25","12","5425.0","6448.6","7908.0","17.66","4.44","1.24","0","0"
"2026-06-01T05:45:23+0000","turcja|side|2026-06-07|2026-06-14|7|Warszawa,Warszawa - Radom|2+1","filter_turkey_7_10_days","turcja","side","2026-06-07","2026-06-14","7","Warszawa,Warszawa - Radom","2+1","6","13","13","6509.0","6665.2","6883.0","7342.0","9298.0","13","9","0.0","0.0","0.0","0.0","0.0","0.0","0","0"
"2026-06-01T08:47:45+0000","turcja|side|2026-06-07|2026-06-14|7|Warszawa,Warszawa - Radom|2+1","filter_turkey_7_10_days","turcja","side","2026-06-07","2026-06-14","7","Warszawa,Warszawa - Radom","2+1","6","8","8","6267.0","6436.4","6623.75","7277.5","9298.0","8","5","6509.0","6665.2","7342.0","-3.72","-3.43","-0.88","-5","0"
"2026-06-01T05:45:23+0000","turcja|side|2026-06-08|2026-06-15|7|Warszawa,Warszawa - Radom|2+1","filter_turkey_7_10_days","turcja","side","2026-06-08","2026-06-15","7","Warszawa,Warszawa - Radom","2+1","7","13","13","6629.0","6669.8","6890.0","7290.0","8650.0","13","9","0.0","0.0","0.0","0.0","0.0","0.0","0","0"
"2026-06-01T08:47:45+0000","turcja|side|2026-06-08|2026-06-15|7|Warszawa,Warszawa - Radom|2+1","filter_turkey_7_10_days","turcja","side","2026-06-08","2026-06-15","7","Warszawa,Warszawa - Radom","2+1","7","16","16","6611.0","6633.0","6976.5","7281.0","9227.0","16","11","6629.0","6669.8","7290.0","-0.27","-0.55","-0.12","3","0"
"2026-06-01T08:47:45+0000","turcja|side|2026-06-10|2026-06-17|7|Warszawa,Warszawa - Radom|2+1","filter_turkey_7_10_days","turcja","side","2026-06-10","2026-06-17","7","Warszawa,Warszawa - Radom","2+1","9","2","2","7726.0","7842.2","8016.5","8307.0","8888.0","2","1","0.0","0.0","0.0","0.0","0.0","0.0","0","0"
"2026-06-01T05:45:23+0000","turcja|side|2026-06-11|2026-06-18|7|Warszawa,Warszawa - Radom|2+1","filter_turkey_7_10_days","turcja","side","2026-06-11","2026-06-18","7","Warszawa,Warszawa - Radom","2+1","10","3","3","6797.0","7236.8","7896.5","8996.0","9097.0","3","1","0.0","0.0","0.0","0.0","0.0","0.0","0","0"
"2026-06-01T08:47:45+0000","turcja|side|2026-06-11|2026-06-18|7|Warszawa,Warszawa - Radom|2+1","filter_turkey_7_10_days","turcja","side","2026-06-11","2026-06-18","7","Warszawa,Warszawa - Radom","2+1","10","3","3","6797.0","7236.8","7896.5","8996.0","9097.0","3","1","6797.0","7236.8","8996.0","0.0","0.0","0.0","0","0"
"2026-06-01T05:45:23+0000","turcja|side|2026-06-12|2026-06-19|7|Warszawa,Warszawa - Radom|2+1","filter_turkey_7_10_days","turcja","side","2026-06-12","2026-06-19","7","Warszawa,Warszawa - Radom","2+1","11","2","2","7057.0","7277.8","7609.0","8161.0","9265.0","2","1","0.0","0.0","0.0","0.0","0.0","0.0","0","0"
"2026-06-01T08:47:45+0000","turcja|side|2026-06-12|2026-06-19|7|Warszawa,Warszawa - Radom|2+1","filter_turkey_7_10_days","turcja","side","2026-06-12","2026-06-19","7","Warszawa,Warszawa - Radom","2+1","11","2","2","7057.0","7277.8","7609.0","8161.0","9265.0","2","1","7057.0","7277.8","8161.0","0.0","0.0","0.0","0","0"
"2026-06-01T05:45:23+0000","turcja|side|2026-06-13|2026-06-20|7|Warszawa,Warszawa - Radom|2+1","filter_turkey_7_10_days","turcja","side","2026-06-13","2026-06-20","7","Warszawa,Warszawa - Radom","2+1","12","1","1","8374.0","8374.0","8374.0","8374.0","8374.0","1","0","0.0","0.0","0.0","0.0","0.0","0.0","0","0"
"2026-06-01T08:47:45+0000","turcja|side|2026-06-13|2026-06-20|7|Warszawa,Warszawa - Radom|2+1","filter_turkey_7_10_days","turcja","side","2026-06-13","2026-06-20","7","Warszawa,Warszawa - Radom","2+1","12","1","1","8374.0","8374.0","8374.0","8374.0","8374.0","1","0","8374.0","8374.0","8374.0","0.0","0.0","0.0","0","0"
"2026-06-01T05:45:23+0000","turcja|side|2026-06-14|2026-06-21|7|Warszawa,Warszawa - Radom|2+1","filter_turkey_7_10_days","turcja","side","2026-06-14","2026-06-21","7","Warszawa,Warszawa - Radom","2+1","13","3","3","7227.0","7573.6","8093.5","8960.0","9061.0","3","1","0.0","0.0","0.0","0.0","0.0","0.0","0","0"
"2026-06-01T08:47:45+0000","turcja|side|2026-06-14|2026-06-21|7|Warszawa,Warszawa - Radom|2+1","filter_turkey_7_10_days","turcja","side","2026-06-14","2026-06-21","7","Warszawa,Warszawa - Radom","2+1","13","1","1","9061.0","9061.0","9061.0","9061.0","9061.0","1","0","7227.0","7573.6","8960.0","25.38","19.64","1.13","-2","0"
"2026-06-01T05:45:23+0000","turcja|side|2026-06-18|2026-06-25|7|Warszawa,Warszawa - Radom|2+1","filter_turkey_7_10_days","turcja","side","2026-06-18","2026-06-25","7","Warszawa,Warszawa - Radom","2+1","17","2","2","8197.0","8237.0","8297.0","8397.0","8597.0","2","0","0.0","0.0","0.0","0.0","0.0","0.0","0","0"
"2026-06-01T08:47:45+0000","turcja|side|2026-06-18|2026-06-25|7|Warszawa,Warszawa - Radom|2+1","filter_turkey_7_10_days","turcja","side","2026-06-18","2026-06-25","7","Warszawa,Warszawa - Radom","2+1","17","2","2","8197.0","8217.0","8247.0","8297.0","8397.0","2","0","8197.0","8237.0","8397.0","0.0","-0.24","-1.19","0","0"
"2026-06-01T05:45:23+0000","turcja|side|2026-06-19|2026-06-26|7|Warszawa,Warszawa - Radom|2+1","filter_turkey_7_10_days","turcja","side","2026-06-19","2026-06-26","7","Warszawa,Warszawa - Radom","2+1","18","2","2","8355.0","8422.5","8523.75","8692.5","9030.0","2","0","0.0","0.0","0.0","0.0","0.0","0.0","0","0"
"2026-06-01T05:45:23+0000","turcja|side|2026-06-22|2026-06-29|7|Warszawa,Warszawa - Radom|2+1","filter_turkey_7_10_days","turcja","side","2026-06-22","2026-06-29","7","Warszawa,Warszawa - Radom","2+1","21","4","4","7020.0","7545.0","8332.5","8817.5","9156.0","4","1","0.0","0.0","0.0","0.0","0.0","0.0","0","0"
"2026-06-01T08:47:45+0000","turcja|side|2026-06-22|2026-06-29|7|Warszawa,Warszawa - Radom|2+1","filter_turkey_7_10_days","turcja","side","2026-06-22","2026-06-29","7","Warszawa,Warszawa - Radom","2+1","21","2","2","7020.0","7204.5","7481.25","7942.5","8865.0","2","1","7020.0","7545.0","8817.5","0.0","-4.51","-9.92","-2","0"
"2026-06-01T05:45:23+0000","turcja|side|2026-06-24|2026-07-01|7|Warszawa,Warszawa - Radom|2+1","filter_turkey_7_10_days","turcja","side","2026-06-24","2026-07-01","7","Warszawa,Warszawa - Radom","2+1","23","1","1","9380.0","9380.0","9380.0","9380.0","9380.0","1","0","0.0","0.0","0.0","0.0","0.0","0.0","0","0"
"2026-06-01T08:47:45+0000","turcja|side|2026-06-24|2026-07-01|7|Warszawa,Warszawa - Radom|2+1","filter_turkey_7_10_days","turcja","side","2026-06-24","2026-07-01","7","Warszawa,Warszawa - Radom","2+1","23","2","2","9156.0","9178.4","9212.0","9268.0","9380.0","2","0","9380.0","9380.0","9380.0","-2.39","-2.15","-1.19","1","0"
