"hotel_name","price","dates","duration","rating","ta_rating","ta_review_count","ta_source","departure_airport","scraped_at","url","image_url","offer_url","filter_id","country","region","resort","departure_date","return_date","days","nights","origin_scope","pax_profile","departure_key"
"Utopia Blue Resort Egipt, Marsa Alam","9947.0","29.12.2026 - 05.01.2027","8 dni/7 nocy","","","","","Warszawa","2026-08-26T08:30:24.927582+00:00","https://fly.pl/oferta/egipt-wczasy/?filter[dest]=11:&filter[hotelids]=&filter[cityids]=&filter[cregids]=&filter[ofrType]=&filter[addObjType]=&filter[whenFrom]=28-12-2026&filter[whenTo]=06-01-2027&filter[duration]=7:10&filter[from]=Warszawa-Radom,Warszawa,Warszawa-Modlin,Warszawa%20-%20Radom,Warszawa%20-%20Modlin&filter[person]=2&filter[child]=1&filter[price]=0:11000&filter[PriceFrom]=0&filter[PriceTo]=11000&filter[addCategory]=50&filter[addCatering]=1&filter[addMisc]=0&filter[addTransport]=F&filter[fp]=1&order_by=ofr_price&filter[tourOperator]=0&filter[childAge][1]=20201210","https://datacfstatic.merlinx.pl/EXIM/IMG/108331/47170af13502131b7b7d23ecf494e622a96110e1a4bfcf3019d7db4830283601.webp","https://fly.pl/wycieczka/egipt,marsa-alam,c/utopia-blue-resort-13/psRxlT9WlDcVSZglJAKvvRAAogDMnlEYyYwlC-Yd0MvESn4sa1pxxZSARSPLLVQIXch-oqBEVYSU0woci61AZI201QAVivF2ACagJBSXIhHBGrzga5BLrOS6sEGhuMzTAYvuNRAYm2vPIMAgBjAQIMQvWmYQ/ofertasv/?filter[tourOperator]=EXIM&filter%5Bperson%5D=2&filter%5BchildAge%5D%5B1%5D=20201210&filter%5Bchild%5D=1","filter_egypt_ny_dec28_2026_7_10_days","egipt","marsa-alam","c","2026-12-29","2027-01-05","8","7","Warszawa","2+1","egipt|marsa-alam|2026-12-29|2027-01-05|7|Warszawa|2+1"
"Amarina Jannah Resort Aquapark Egipt, Marsa Alam, Port Ghalib","10127.0","29.12.2026 - 05.01.2027","8 dni/7 nocy","4.7","4.7","661","tripadvisor","Warszawa","2026-08-26T08:30:24.927582+00:00","https://fly.pl/oferta/egipt-wczasy/?filter[dest]=11:&filter[hotelids]=&filter[cityids]=&filter[cregids]=&filter[ofrType]=&filter[addObjType]=&filter[whenFrom]=28-12-2026&filter[whenTo]=06-01-2027&filter[duration]=7:10&filter[from]=Warszawa-Radom,Warszawa,Warszawa-Modlin,Warszawa%20-%20Radom,Warszawa%20-%20Modlin&filter[person]=2&filter[child]=1&filter[price]=0:11000&filter[PriceFrom]=0&filter[PriceTo]=11000&filter[addCategory]=50&filter[addCatering]=1&filter[addMisc]=0&filter[addTransport]=F&filter[fp]=1&order_by=ofr_price&filter[tourOperator]=0&filter[childAge][1]=20201210","https://fly.pl/cdn/photo/assets/uploads/582/278/2023/04/Amarina-Jannah-Resort-Aquapark.jpg","https://fly.pl/wycieczka/egipt,marsa-alam,port-ghalib/amarina-jannah-resort-aquapark-15/pjB6Ug3x_rmYpvSdW7vYriAAog7Xo7qCP-DOOl8q-zUEOMksa1pxxZSARSPLLVQIXch-oqBEVYSU0woci61AZIj09QAVivF2ACagJBSXIhHBGqzga5BLvOS6sEGhvT0jAY8dpRAZKhu_IMAgBjAQIOspr49g/ofertasv/?filter[tourOperator]=EXIM&filter%5Bperson%5D=2&filter%5BchildAge%5D%5B1%5D=20201210&filter%5Bchild%5D=1","filter_egypt_ny_dec28_2026_7_10_days","egipt","marsa-alam","port-ghalib","2026-12-29","2027-01-05","8","7","Warszawa","2+1","egipt|marsa-alam|2026-12-29|2027-01-05|7|Warszawa|2+1"
"Creek Hotel & Residences Egipt, Hurghada, Al-Dżuna","10196.0","29.12.2026 - 05.01.2027","9 dni/7 nocy","4.8","4.8","219","tripadvisor","Warszawa - Modlin","2026-08-26T08:30:24.927582+00:00","https://fly.pl/oferta/egipt-wczasy/?filter[dest]=11:&filter[hotelids]=&filter[cityids]=&filter[cregids]=&filter[ofrType]=&filter[addObjType]=&filter[whenFrom]=28-12-2026&filter[whenTo]=06-01-2027&filter[duration]=7:10&filter[from]=Warszawa-Radom,Warszawa,Warszawa-Modlin,Warszawa%20-%20Radom,Warszawa%20-%20Modlin&filter[person]=2&filter[child]=1&filter[price]=0:11000&filter[PriceFrom]=0&filter[PriceTo]=11000&filter[addCategory]=50&filter[addCatering]=1&filter[addMisc]=0&filter[addTransport]=F&filter[fp]=1&order_by=ofr_price&filter[tourOperator]=0&filter[childAge][1]=20201210","https://fly.pl/cdn/photo/assets/uploads/582/278/2024/07/creek-hotel-residences.jpg","https://fly.pl/wycieczka/egipt,hurghada,al-dzuna/creek-hotel-residences-9/p93O8X_2l8PxZrDiFlaL_UAAog2R7AVXwWeyg9QiBFOglfnaNNd1ZKbu77pLI8HBXpCVUqBEJWQkUwoci61AZI1E9QAVivF2ACagJBSXIhHBH76gEb2LpBGJOVGrkEgbspqwQRAe7X0pMEAgBjAQYL9L0_aA/ofertasv/?filter[tourOperator]=BVBE&filter%5Bperson%5D=2&filter%5BchildAge%5D%5B1%5D=20201210&filter%5Bchild%5D=1","filter_egypt_ny_dec28_2026_7_10_days","egipt","hurghada","al-dzuna","2026-12-29","2027-01-05","9","7","Warszawa - Modlin","2+1","egipt|hurghada|2026-12-29|2027-01-05|7|Warszawa - Modlin|2+1"
"AMC Royal Hotel & Spa (ex. AMC Azur Resort) Egipt, Hurghada","10223.0","29.12.2026 - 05.01.2027","9 dni/7 nocy","4.4","4.4","3054","tripadvisor","Warszawa - Modlin","2026-08-26T08:30:24.927582+00:00","https://fly.pl/oferta/egipt-wczasy/?filter[dest]=11:&filter[hotelids]=&filter[cityids]=&filter[cregids]=&filter[ofrType]=&filter[addObjType]=&filter[whenFrom]=28-12-2026&filter[whenTo]=06-01-2027&filter[duration]=7:10&filter[from]=Warszawa-Radom,Warszawa,Warszawa-Modlin,Warszawa%20-%20Radom,Warszawa%20-%20Modlin&filter[person]=2&filter[child]=1&filter[price]=0:11000&filter[PriceFrom]=0&filter[PriceTo]=11000&filter[addCategory]=50&filter[addCatering]=1&filter[addMisc]=0&filter[addTransport]=F&filter[fp]=1&order_by=ofr_price&filter[tourOperator]=0&filter[childAge][1]=20201210","https://fly.pl/cdn/photo/assets/uploads/582/278/2014/07/AMC-Royal-Resort.jpg","https://fly.pl/wycieczka/egipt,hurghada,c/amc-royal-ex-amc-azur-resort/pJqOZzPTguY66-ofI_JyvWAAogyACbrqqUjemILVLRqx7mzKNNd1ZKbu77pLI8HBXpCVUqBEJWQkUwoci61AZI709QAVivF2ACagJBSXIhHBH-1AEbtupAGP34GrkEtr0pqwQRAdCoxJMEAgBjAQYM-RQtzA/ofertasv/?filter[tourOperator]=BVBE&filter%5Bperson%5D=2&filter%5BchildAge%5D%5B1%5D=20201210&filter%5Bchild%5D=1","filter_egypt_ny_dec28_2026_7_10_days","egipt","hurghada","c","2026-12-29","2027-01-05","9","7","Warszawa - Modlin","2+1","egipt|hurghada|2026-12-29|2027-01-05|7|Warszawa - Modlin|2+1"
"Movenpick Sirena Beach Egipt, Marsa Alam, Al-Kusajr","10857.0","29.12.2026 - 05.01.2027","8 dni/7 nocy","4.7","4.7","466","tripadvisor","Warszawa","2026-08-26T08:30:24.927582+00:00","https://fly.pl/oferta/egipt-wczasy/?filter[dest]=11:&filter[hotelids]=&filter[cityids]=&filter[cregids]=&filter[ofrType]=&filter[addObjType]=&filter[whenFrom]=28-12-2026&filter[whenTo]=06-01-2027&filter[duration]=7:10&filter[from]=Warszawa-Radom,Warszawa,Warszawa-Modlin,Warszawa%20-%20Radom,Warszawa%20-%20Modlin&filter[person]=2&filter[child]=1&filter[price]=0:11000&filter[PriceFrom]=0&filter[PriceTo]=11000&filter[addCategory]=50&filter[addCatering]=1&filter[addMisc]=0&filter[addTransport]=F&filter[fp]=1&order_by=ofr_price&filter[tourOperator]=0&filter[childAge][1]=20201210","https://datacfstatic.merlinx.pl/EXIM/IMG/114383/35b5af99da854c87e4a42b7a188609f85ef2213790c2b61ac6c11da108c67fe7.webp","https://fly.pl/wycieczka/egipt,marsa-alam,al-kusajr/movenpick-sirena-beach-13/p0L3myea_jNW9KIIkKwUfHAAog0Sx0bdPbVi5CUcnK5-Nwnca1pxxZSARSPLLVQIXch-oqBEVYSU0woci61AZI6VRQAVivF2ACagJBSXIhHBHP_Qa5BJafS6sEGhuH0TsYn99GAYz2vPIMAgBjAQIMSjvFKg/ofertasv/?filter[tourOperator]=EXIM&filter%5Bperson%5D=2&filter%5BchildAge%5D%5B1%5D=20201210&filter%5Bchild%5D=1","filter_egypt_ny_dec28_2026_7_10_days","egipt","marsa-alam","al-kusajr","2026-12-29","2027-01-05","8","7","Warszawa","2+1","egipt|marsa-alam|2026-12-29|2027-01-05|7|Warszawa|2+1"
"Utopia Blue Resort Egipt, Marsa Alam","9947.0","29.12.2026 - 05.01.2027","8 dni/7 nocy","","","","","Warszawa","2026-08-26T09:34:44.171398+00:00","https://fly.pl/oferta/egipt-wczasy/?filter[dest]=11:&filter[hotelids]=&filter[cityids]=&filter[cregids]=&filter[ofrType]=&filter[addObjType]=&filter[whenFrom]=28-12-2026&filter[whenTo]=06-01-2027&filter[duration]=7:10&filter[from]=Warszawa-Radom,Warszawa,Warszawa-Modlin,Warszawa%20-%20Radom,Warszawa%20-%20Modlin&filter[person]=2&filter[child]=1&filter[price]=0:11000&filter[PriceFrom]=0&filter[PriceTo]=11000&filter[addCategory]=50&filter[addCatering]=1&filter[addMisc]=0&filter[addTransport]=F&filter[fp]=1&order_by=ofr_price&filter[tourOperator]=0&filter[childAge][1]=20201210","https://datacfstatic.merlinx.pl/EXIM/IMG/108331/47170af13502131b7b7d23ecf494e622a96110e1a4bfcf3019d7db4830283601.webp","https://fly.pl/wycieczka/egipt,marsa-alam,c/utopia-blue-resort-13/psRxlT9WlDcVSZglJAKvvRAAogDMnlEYyYwlC-Yd0MvESn4sa1pxxZSARSPLLVQIXch-oqBEVYSU0wtea61AZI201QAViuF2ACagJBSXIhHBGrzga5BLrOS6sEGhuMzTAYvuNRAYm2vPIMAgBjAQIMY6Ehpw/ofertasv/?filter[tourOperator]=EXIM&filter%5Bperson%5D=2&filter%5BchildAge%5D%5B1%5D=20201210&filter%5Bchild%5D=1","filter_egypt_ny_dec28_2026_7_10_days","egipt","marsa-alam","c","2026-12-29","2027-01-05","8","7","Warszawa","2+1","egipt|marsa-alam|2026-12-29|2027-01-05|7|Warszawa|2+1"
"Amarina Jannah Resort Aquapark Egipt, Marsa Alam, Port Ghalib","10127.0","29.12.2026 - 05.01.2027","8 dni/7 nocy","4.7","4.7","661","tripadvisor","Warszawa","2026-08-26T09:34:44.171398+00:00","https://fly.pl/oferta/egipt-wczasy/?filter[dest]=11:&filter[hotelids]=&filter[cityids]=&filter[cregids]=&filter[ofrType]=&filter[addObjType]=&filter[whenFrom]=28-12-2026&filter[whenTo]=06-01-2027&filter[duration]=7:10&filter[from]=Warszawa-Radom,Warszawa,Warszawa-Modlin,Warszawa%20-%20Radom,Warszawa%20-%20Modlin&filter[person]=2&filter[child]=1&filter[price]=0:11000&filter[PriceFrom]=0&filter[PriceTo]=11000&filter[addCategory]=50&filter[addCatering]=1&filter[addMisc]=0&filter[addTransport]=F&filter[fp]=1&order_by=ofr_price&filter[tourOperator]=0&filter[childAge][1]=20201210","https://fly.pl/cdn/photo/assets/uploads/582/278/2023/04/Amarina-Jannah-Resort-Aquapark.jpg","https://fly.pl/wycieczka/egipt,marsa-alam,port-ghalib/amarina-jannah-resort-aquapark-15/pjB6Ug3x_rmYpvSdW7vYriAAog7Xo7qCP-DOOl8q-zUEOMksa1pxxZSARSPLLVQIXch-oqBEVYSU0wtea61AZIj09QAViuF2ACagJBSXIhHBGqzga5BLvOS6sEGhvT0jAY8dpRAZKhu_IMAgBjAQIOR-dDmA/ofertasv/?filter[tourOperator]=EXIM&filter%5Bperson%5D=2&filter%5BchildAge%5D%5B1%5D=20201210&filter%5Bchild%5D=1","filter_egypt_ny_dec28_2026_7_10_days","egipt","marsa-alam","port-ghalib","2026-12-29","2027-01-05","8","7","Warszawa","2+1","egipt|marsa-alam|2026-12-29|2027-01-05|7|Warszawa|2+1"
"Creek Hotel & Residences Egipt, Hurghada, Al-Dżuna","10196.0","29.12.2026 - 05.01.2027","9 dni/7 nocy","4.8","4.8","219","tripadvisor","Warszawa - Modlin","2026-08-26T09:34:44.171398+00:00","https://fly.pl/oferta/egipt-wczasy/?filter[dest]=11:&filter[hotelids]=&filter[cityids]=&filter[cregids]=&filter[ofrType]=&filter[addObjType]=&filter[whenFrom]=28-12-2026&filter[whenTo]=06-01-2027&filter[duration]=7:10&filter[from]=Warszawa-Radom,Warszawa,Warszawa-Modlin,Warszawa%20-%20Radom,Warszawa%20-%20Modlin&filter[person]=2&filter[child]=1&filter[price]=0:11000&filter[PriceFrom]=0&filter[PriceTo]=11000&filter[addCategory]=50&filter[addCatering]=1&filter[addMisc]=0&filter[addTransport]=F&filter[fp]=1&order_by=ofr_price&filter[tourOperator]=0&filter[childAge][1]=20201210","https://fly.pl/cdn/photo/assets/uploads/582/278/2024/07/creek-hotel-residences.jpg","https://fly.pl/wycieczka/egipt,hurghada,al-dzuna/creek-hotel-residences-9/p93O8X_2l8PxZrDiFlaL_UAAog2R7AVXwWeyg9QiBFOglfnaNNd1ZKbu77pLI8HBXpCVUqBEJWQkUwtea61AZI1E9QAViuF2ACagJBSXIhHBH76gEb2LpBGJOVGrkEgbspqwQRAe7X0pMEAgBjAQYL3s95Jw/ofertasv/?filter[tourOperator]=BVBE&filter%5Bperson%5D=2&filter%5BchildAge%5D%5B1%5D=20201210&filter%5Bchild%5D=1","filter_egypt_ny_dec28_2026_7_10_days","egipt","hurghada","al-dzuna","2026-12-29","2027-01-05","9","7","Warszawa - Modlin","2+1","egipt|hurghada|2026-12-29|2027-01-05|7|Warszawa - Modlin|2+1"
"AMC Royal Hotel & Spa (ex. AMC Azur Resort) Egipt, Hurghada","10223.0","29.12.2026 - 05.01.2027","9 dni/7 nocy","4.4","4.4","3054","tripadvisor","Warszawa - Modlin","2026-08-26T09:34:44.171398+00:00","https://fly.pl/oferta/egipt-wczasy/?filter[dest]=11:&filter[hotelids]=&filter[cityids]=&filter[cregids]=&filter[ofrType]=&filter[addObjType]=&filter[whenFrom]=28-12-2026&filter[whenTo]=06-01-2027&filter[duration]=7:10&filter[from]=Warszawa-Radom,Warszawa,Warszawa-Modlin,Warszawa%20-%20Radom,Warszawa%20-%20Modlin&filter[person]=2&filter[child]=1&filter[price]=0:11000&filter[PriceFrom]=0&filter[PriceTo]=11000&filter[addCategory]=50&filter[addCatering]=1&filter[addMisc]=0&filter[addTransport]=F&filter[fp]=1&order_by=ofr_price&filter[tourOperator]=0&filter[childAge][1]=20201210","https://fly.pl/cdn/photo/assets/uploads/582/278/2014/07/AMC-Royal-Resort.jpg","https://fly.pl/wycieczka/egipt,hurghada,c/amc-royal-ex-amc-azur-resort/pJqOZzPTguY66-ofI_JyvWAAogyACbrqqUjemILVLRqx7mzKNNd1ZKbu77pLI8HBXpCVUqBEJWQkUwtea61AZI709QAViuF2ACagJBSXIhHBH-1AEbtupAGP34GrkEtr0pqwQRAdCoxJMEAgBjAQYMvGRf_w/ofertasv/?filter[tourOperator]=BVBE&filter%5Bperson%5D=2&filter%5BchildAge%5D%5B1%5D=20201210&filter%5Bchild%5D=1","filter_egypt_ny_dec28_2026_7_10_days","egipt","hurghada","c","2026-12-29","2027-01-05","9","7","Warszawa - Modlin","2+1","egipt|hurghada|2026-12-29|2027-01-05|7|Warszawa - Modlin|2+1"
"Bellagio Beach Resort & Spa (ex. Panorama Bungalows Hurghada) Egipt, Hurghada","10575.0","29.12.2026 - 05.01.2027","9 dni/7 nocy","4.3","4.3","4460","tripadvisor","Warszawa - Modlin","2026-08-26T09:34:44.171398+00:00","https://fly.pl/oferta/egipt-wczasy/?filter[dest]=11:&filter[hotelids]=&filter[cityids]=&filter[cregids]=&filter[ofrType]=&filter[addObjType]=&filter[whenFrom]=28-12-2026&filter[whenTo]=06-01-2027&filter[duration]=7:10&filter[from]=Warszawa-Radom,Warszawa,Warszawa-Modlin,Warszawa%20-%20Radom,Warszawa%20-%20Modlin&filter[person]=2&filter[child]=1&filter[price]=0:11000&filter[PriceFrom]=0&filter[PriceTo]=11000&filter[addCategory]=50&filter[addCatering]=1&filter[addMisc]=0&filter[addTransport]=F&filter[fp]=1&order_by=ofr_price&filter[tourOperator]=0&filter[childAge][1]=20201210","https://fly.pl/cdn/photo/assets/uploads/582/278/2014/07/Bellagio-Beach-Resort-Spa.jpg","https://fly.pl/wycieczka/egipt,hurghada,c/panorama-bungalow-resort/pNkAzX1o6-_n-6tvsP4n_gAAogD4YsURFDXD7vDjq9IGKwyWOrqUdT27HNdJzFwvnUQNMqBE9BU0kwtea61AZIz1JQAViuF2ACagNBSWxyIBwR7na5BIuoEKsEARu8qg4Yy4ASAeSmmpkCAgBjAQIN83ohtg/ofertasv/?filter[tourOperator]=OASI&filter%5Bperson%5D=2&filter%5BchildAge%5D%5B1%5D=20201210&filter%5Bchild%5D=1","filter_egypt_ny_dec28_2026_7_10_days","egipt","hurghada","c","2026-12-29","2027-01-05","9","7","Warszawa - Modlin","2+1","egipt|hurghada|2026-12-29|2027-01-05|7|Warszawa - Modlin|2+1"
"Rewaya Majestic Resort Egipt, Hurghada","10624.0","29.12.2026 - 05.01.2027","9 dni/7 nocy","","","","","Warszawa - Modlin","2026-08-26T09:34:44.171398+00:00","https://fly.pl/oferta/egipt-wczasy/?filter[dest]=11:&filter[hotelids]=&filter[cityids]=&filter[cregids]=&filter[ofrType]=&filter[addObjType]=&filter[whenFrom]=28-12-2026&filter[whenTo]=06-01-2027&filter[duration]=7:10&filter[from]=Warszawa-Radom,Warszawa,Warszawa-Modlin,Warszawa%20-%20Radom,Warszawa%20-%20Modlin&filter[person]=2&filter[child]=1&filter[price]=0:11000&filter[PriceFrom]=0&filter[PriceTo]=11000&filter[addCategory]=50&filter[addCatering]=1&filter[addMisc]=0&filter[addTransport]=F&filter[fp]=1&order_by=ofr_price&filter[tourOperator]=0&filter[childAge][1]=20201210","https://datacfstatic.merlinx.pl/OASI/IMG/24140/e3a15b238b2d30f27199dd0e48d3c85c0bc5e06a1c321d66bdb885dd7a89e111.webp","https://fly.pl/wycieczka/egipt,hurghada,c/rewaya-majestic-resort-10/p_Gj-Nzu06EL6w6cg0mkOnAAogj_cvegVrP7ydRvq8paBb22OrqUdT27HNdJzFwvnUQNMqBE9BU0kwtea61AZIgFNQAViuF2ACagNVQUlyIRwRzLwBuQSt4g-rBAEbmM8MGMPkEwHyqJqZAgIAYwECDRqFoa4/ofertasv/?filter[tourOperator]=OASI&filter%5Bperson%5D=2&filter%5BchildAge%5D%5B1%5D=20201210&filter%5Bchild%5D=1","filter_egypt_ny_dec28_2026_7_10_days","egipt","hurghada","c","2026-12-29","2027-01-05","9","7","Warszawa - Modlin","2+1","egipt|hurghada|2026-12-29|2027-01-05|7|Warszawa - Modlin|2+1"
"Movenpick Sirena Beach Egipt, Marsa Alam, Al-Kusajr","10857.0","29.12.2026 - 05.01.2027","8 dni/7 nocy","4.7","4.7","466","tripadvisor","Warszawa","2026-08-26T09:34:44.171398+00:00","https://fly.pl/oferta/egipt-wczasy/?filter[dest]=11:&filter[hotelids]=&filter[cityids]=&filter[cregids]=&filter[ofrType]=&filter[addObjType]=&filter[whenFrom]=28-12-2026&filter[whenTo]=06-01-2027&filter[duration]=7:10&filter[from]=Warszawa-Radom,Warszawa,Warszawa-Modlin,Warszawa%20-%20Radom,Warszawa%20-%20Modlin&filter[person]=2&filter[child]=1&filter[price]=0:11000&filter[PriceFrom]=0&filter[PriceTo]=11000&filter[addCategory]=50&filter[addCatering]=1&filter[addMisc]=0&filter[addTransport]=F&filter[fp]=1&order_by=ofr_price&filter[tourOperator]=0&filter[childAge][1]=20201210","https://datacfstatic.merlinx.pl/EXIM/IMG/114383/35b5af99da854c87e4a42b7a188609f85ef2213790c2b61ac6c11da108c67fe7.webp","https://fly.pl/wycieczka/egipt,marsa-alam,al-kusajr/movenpick-sirena-beach-13/p0L3myea_jNW9KIIkKwUfHAAog0Sx0bdPbVi5CUcnK5-Nwnca1pxxZSARSPLLVQIXch-oqBEVYSU0wtea61AZI6VRQAViuF2ACagJBSXIhHBHP_Qa5BJafS6sEGhuH0TsYn99GAYz2vPIMAgBjAQIMcQV3TQ/ofertasv/?filter[tourOperator]=EXIM&filter%5Bperson%5D=2&filter%5BchildAge%5D%5B1%5D=20201210&filter%5Bchild%5D=1","filter_egypt_ny_dec28_2026_7_10_days","egipt","marsa-alam","al-kusajr","2026-12-29","2027-01-05","8","7","Warszawa","2+1","egipt|marsa-alam|2026-12-29|2027-01-05|7|Warszawa|2+1"
"Utopia Blue Resort Egipt, Marsa Alam","9947.0","29.12.2026 - 05.01.2027","8 dni/7 nocy","","","","","Warszawa","2026-08-26T10:27:47.270457+00:00","https://fly.pl/oferta/egipt-wczasy/?filter[dest]=11:&filter[hotelids]=&filter[cityids]=&filter[cregids]=&filter[ofrType]=&filter[addObjType]=&filter[whenFrom]=28-12-2026&filter[whenTo]=06-01-2027&filter[duration]=7:10&filter[from]=Warszawa-Radom,Warszawa,Warszawa-Modlin,Warszawa%20-%20Radom,Warszawa%20-%20Modlin&filter[person]=2&filter[child]=1&filter[price]=0:11000&filter[PriceFrom]=0&filter[PriceTo]=11000&filter[addCategory]=50&filter[addCatering]=1&filter[addMisc]=0&filter[addTransport]=F&filter[fp]=1&order_by=ofr_price&filter[tourOperator]=0&filter[childAge][1]=20201210","https://datacfstatic.merlinx.pl/EXIM/IMG/108331/47170af13502131b7b7d23ecf494e622a96110e1a4bfcf3019d7db4830283601.webp","https://fly.pl/wycieczka/egipt,marsa-alam,c/utopia-blue-resort-13/psRxlT9WlDcVSZglJAKvvRAAogDMnlEYyYwlC-Yd0MvESn4sa1pxxZSARSPLLVQIXch-oqBEVYSU0wpP-61AZI201QAVitF2ACagJBSXIhHBGrzga5BLrOS6sEGhuMzTAYvuNRAYm2vPIMAgBjAQIM6anFvA/ofertasv/?filter[tourOperator]=EXIM&filter%5Bperson%5D=2&filter%5BchildAge%5D%5B1%5D=20201210&filter%5Bchild%5D=1","filter_egypt_ny_dec28_2026_7_10_days","egipt","marsa-alam","c","2026-12-29","2027-01-05","8","7","Warszawa","2+1","egipt|marsa-alam|2026-12-29|2027-01-05|7|Warszawa|2+1"
"Amarina Jannah Resort Aquapark Egipt, Marsa Alam, Port Ghalib","10127.0","29.12.2026 - 05.01.2027","8 dni/7 nocy","4.7","4.7","661","tripadvisor","Warszawa","2026-08-26T10:27:47.270457+00:00","https://fly.pl/oferta/egipt-wczasy/?filter[dest]=11:&filter[hotelids]=&filter[cityids]=&filter[cregids]=&filter[ofrType]=&filter[addObjType]=&filter[whenFrom]=28-12-2026&filter[whenTo]=06-01-2027&filter[duration]=7:10&filter[from]=Warszawa-Radom,Warszawa,Warszawa-Modlin,Warszawa%20-%20Radom,Warszawa%20-%20Modlin&filter[person]=2&filter[child]=1&filter[price]=0:11000&filter[PriceFrom]=0&filter[PriceTo]=11000&filter[addCategory]=50&filter[addCatering]=1&filter[addMisc]=0&filter[addTransport]=F&filter[fp]=1&order_by=ofr_price&filter[tourOperator]=0&filter[childAge][1]=20201210","https://fly.pl/cdn/photo/assets/uploads/582/278/2023/04/Amarina-Jannah-Resort-Aquapark.jpg","https://fly.pl/wycieczka/egipt,marsa-alam,port-ghalib/amarina-jannah-resort-aquapark-15/pjB6Ug3x_rmYpvSdW7vYriAAog7Xo7qCP-DOOl8q-zUEOMksa1pxxZSARSPLLVQIXch-oqBEVYSU0wpP-61AZIj09QAVitF2ACagJBSXIhHBGqzga5BLvOS6sEGhvT0jAY8dpRAZKhu_IMAgBjAQIO3WExOg/ofertasv/?filter[tourOperator]=EXIM&filter%5Bperson%5D=2&filter%5BchildAge%5D%5B1%5D=20201210&filter%5Bchild%5D=1","filter_egypt_ny_dec28_2026_7_10_days","egipt","marsa-alam","port-ghalib","2026-12-29","2027-01-05","8","7","Warszawa","2+1","egipt|marsa-alam|2026-12-29|2027-01-05|7|Warszawa|2+1"
"Creek Hotel & Residences Egipt, Hurghada, Al-Dżuna","10196.0","29.12.2026 - 05.01.2027","9 dni/7 nocy","4.8","4.8","219","tripadvisor","Warszawa - Modlin","2026-08-26T10:27:47.270457+00:00","https://fly.pl/oferta/egipt-wczasy/?filter[dest]=11:&filter[hotelids]=&filter[cityids]=&filter[cregids]=&filter[ofrType]=&filter[addObjType]=&filter[whenFrom]=28-12-2026&filter[whenTo]=06-01-2027&filter[duration]=7:10&filter[from]=Warszawa-Radom,Warszawa,Warszawa-Modlin,Warszawa%20-%20Radom,Warszawa%20-%20Modlin&filter[person]=2&filter[child]=1&filter[price]=0:11000&filter[PriceFrom]=0&filter[PriceTo]=11000&filter[addCategory]=50&filter[addCatering]=1&filter[addMisc]=0&filter[addTransport]=F&filter[fp]=1&order_by=ofr_price&filter[tourOperator]=0&filter[childAge][1]=20201210","https://fly.pl/cdn/photo/assets/uploads/582/278/2024/07/creek-hotel-residences.jpg","https://fly.pl/wycieczka/egipt,hurghada,al-dzuna/creek-hotel-residences-9/p93O8X_2l8PxZrDiFlaL_UAAog2R7AVXwWeyg9QiBFOglfnaNNd1ZKbu77pLI8HBXpCVUqBEJWQkUwpP-61AZI1E9QAVitF2ACagJBSXIhHBH76gEb2LpBGJOVGrkEgbspqwQRAe7X0pMEAgBjAQYLhfGtcg/ofertasv/?filter[tourOperator]=BVBE&filter%5Bperson%5D=2&filter%5BchildAge%5D%5B1%5D=20201210&filter%5Bchild%5D=1","filter_egypt_ny_dec28_2026_7_10_days","egipt","hurghada","al-dzuna","2026-12-29","2027-01-05","9","7","Warszawa - Modlin","2+1","egipt|hurghada|2026-12-29|2027-01-05|7|Warszawa - Modlin|2+1"
"AMC Royal Hotel & Spa (ex. AMC Azur Resort) Egipt, Hurghada","10223.0","29.12.2026 - 05.01.2027","9 dni/7 nocy","4.4","4.4","3054","tripadvisor","Warszawa - Modlin","2026-08-26T10:27:47.270457+00:00","https://fly.pl/oferta/egipt-wczasy/?filter[dest]=11:&filter[hotelids]=&filter[cityids]=&filter[cregids]=&filter[ofrType]=&filter[addObjType]=&filter[whenFrom]=28-12-2026&filter[whenTo]=06-01-2027&filter[duration]=7:10&filter[from]=Warszawa-Radom,Warszawa,Warszawa-Modlin,Warszawa%20-%20Radom,Warszawa%20-%20Modlin&filter[person]=2&filter[child]=1&filter[price]=0:11000&filter[PriceFrom]=0&filter[PriceTo]=11000&filter[addCategory]=50&filter[addCatering]=1&filter[addMisc]=0&filter[addTransport]=F&filter[fp]=1&order_by=ofr_price&filter[tourOperator]=0&filter[childAge][1]=20201210","https://fly.pl/cdn/photo/assets/uploads/582/278/2014/07/AMC-Royal-Resort.jpg","https://fly.pl/wycieczka/egipt,hurghada,c/amc-royal-ex-amc-azur-resort/pJqOZzPTguY66-ofI_JyvWAAogyACbrqqUjemILVLRqx7mzKNNd1ZKbu77pLI8HBXpCVUqBEJWQkUwpP-61AZI709QAVitF2ACagJBSXIhHBH-1AEbtupAGP34GrkEtr0pqwQRAdCoxJMEAgBjAQYMI0K3sQ/ofertasv/?filter[tourOperator]=BVBE&filter%5Bperson%5D=2&filter%5BchildAge%5D%5B1%5D=20201210&filter%5Bchild%5D=1","filter_egypt_ny_dec28_2026_7_10_days","egipt","hurghada","c","2026-12-29","2027-01-05","9","7","Warszawa - Modlin","2+1","egipt|hurghada|2026-12-29|2027-01-05|7|Warszawa - Modlin|2+1"
"Movenpick Sirena Beach Egipt, Marsa Alam, Al-Kusajr","10857.0","29.12.2026 - 05.01.2027","8 dni/7 nocy","4.7","4.7","466","tripadvisor","Warszawa","2026-08-26T10:27:47.270457+00:00","https://fly.pl/oferta/egipt-wczasy/?filter[dest]=11:&filter[hotelids]=&filter[cityids]=&filter[cregids]=&filter[ofrType]=&filter[addObjType]=&filter[whenFrom]=28-12-2026&filter[whenTo]=06-01-2027&filter[duration]=7:10&filter[from]=Warszawa-Radom,Warszawa,Warszawa-Modlin,Warszawa%20-%20Radom,Warszawa%20-%20Modlin&filter[person]=2&filter[child]=1&filter[price]=0:11000&filter[PriceFrom]=0&filter[PriceTo]=11000&filter[addCategory]=50&filter[addCatering]=1&filter[addMisc]=0&filter[addTransport]=F&filter[fp]=1&order_by=ofr_price&filter[tourOperator]=0&filter[childAge][1]=20201210","https://datacfstatic.merlinx.pl/EXIM/IMG/114383/35b5af99da854c87e4a42b7a188609f85ef2213790c2b61ac6c11da108c67fe7.webp","https://fly.pl/wycieczka/egipt,marsa-alam,al-kusajr/movenpick-sirena-beach-13/p0L3myea_jNW9KIIkKwUfHAAog0Sx0bdPbVi5CUcnK5-Nwnca1pxxZSARSPLLVQIXch-oqBEVYSU0wpP-61AZI6VRQAVitF2ACagJBSXIhHBHP_Qa5BJafS6sEGhuH0TsYn99GAYz2vPIMAgBjAQIMXQ6K2Q/ofertasv/?filter[tourOperator]=EXIM&filter%5Bperson%5D=2&filter%5BchildAge%5D%5B1%5D=20201210&filter%5Bchild%5D=1","filter_egypt_ny_dec28_2026_7_10_days","egipt","marsa-alam","al-kusajr","2026-12-29","2027-01-05","8","7","Warszawa","2+1","egipt|marsa-alam|2026-12-29|2027-01-05|7|Warszawa|2+1"
