"hotel_name","price","dates","duration","rating","departure_airport","scraped_at","url","image_url","offer_url"
"Sea Star Beau Rivage","6418.0","28.05.2026 - 11.06.2026","15 dni","","Warszawa%20-%20Modlin","2026-05-28T08:55:45.570203+00:00","https://fly.pl/szukaj-wycieczek/?filter[dest]=11:&filter[hotelids]=&filter[cityids]=0&filter[cregids]=&filter[ofrType]=&filter[addObjType]=&filter[whenFrom]=28-05-2026&filter[whenTo]=30-06-2026&filter[duration]=13:16&filter[from]=Warszawa%20-%20Modlin,Warszawa%20-%20Radom,Warszawa&filter[person]=2&filter[child]=1&filter[price]=4766:9000&filter[PriceFrom]=4766&filter[PriceTo]=9000&filter[addCategory]=50&filter[addCatering]=1&filter[addMisc]=0&filter[addTransport]=F&filter[fp]=1&order_by=ofr_price&filter[tourOperator]=0&filter[childAge][1]=20201210","https://fly.pl/cdn/photo/assets/uploads/582/278/2014/07/Sea-Star-Beau-Rivage-fly-pl.jpg","https://fly.pl/wycieczka/egipt,hurghada,c/sea-star-beau-rivage/pFw-tg0Ta7EM8KrZhxvcurAAogBxnzN4McahGCwhKRgKcf6gAAAAAEiAQAIYgEAA4AAAAqBFdFWlkwy4Pg0AZIkjJQQVj4__________8BYANqE0xPVCBQb2xpc2ggQWlybGluZXNyQ54BHwAcAQIAFgQXCRGmARLAAhOvBhSNBBVpGPcCQJFvT8syTABQnJMBSwAd_MgPIB0bw-IjDczangkBEmMBDGMBAgV5MwPX/?operator=WEZY&adults=2&children=2020-12-10&nsv=1&objectId=535&transport=accommodation_flight&departureDate=2026-05-28&returnDate=2026-06-11&departureLocation=Warszawa+-+Modlin%2CWarszawa+-+Radom%2CWarszawa&opt=delta&catering=all_inclusive"
"Sea Star Beau Rivage","6418.0","28.05.2026 - 11.06.2026","15 dni","","Warszawa%20-%20Modlin","2026-05-28T08:55:45.640887+00:00","https://fly.pl/szukaj-wycieczek/?filter[dest]=11:&filter[hotelids]=&filter[cityids]=0&filter[cregids]=&filter[ofrType]=&filter[addObjType]=&filter[whenFrom]=28-05-2026&filter[whenTo]=30-06-2026&filter[duration]=13:16&filter[from]=Warszawa%20-%20Modlin,Warszawa%20-%20Radom,Warszawa&filter[person]=2&filter[child]=1&filter[price]=4766:9000&filter[PriceFrom]=4766&filter[PriceTo]=9000&filter[addCategory]=50&filter[addCatering]=1&filter[addMisc]=0&filter[addTransport]=F&filter[fp]=1&order_by=ofr_price&filter[tourOperator]=0&filter[childAge][1]=20201210","https://fly.pl/cdn/photo/assets/uploads/582/278/2014/07/Sea-Star-Beau-Rivage-fly-pl.jpg","https://fly.pl/wycieczka/egipt,hurghada,c/sea-star-beau-rivage/pFw-tg0Ta7EM8KrZhxvcurAAogBxnzN4McahGCwhKRgKcf6gAAAAAEiAQAIYgEAA4AAAAqBFdFWlkwy4Pg0AZIkjJQQVj4__________8BYANqE0xPVCBQb2xpc2ggQWlybGluZXNyQ54BHwAcAQIAFgQXCRGmARLAAhOvBhSNBBVpGPcCQJFvT8syTABQnJMBSwAd_MgPIB0bw-IjDczangkBEmMBDGMBAgV5MwPX/?operator=WEZY&adults=2&children=2020-12-10&nsv=1&objectId=535&transport=accommodation_flight&departureDate=2026-05-28&returnDate=2026-06-11&departureLocation=Warszawa+-+Modlin%2CWarszawa+-+Radom%2CWarszawa&opt=delta&catering=all_inclusive"
"Seven Seas Jolie Bay","6889.0","28.05.2026 - 11.06.2026","15 dni","","Warszawa%20-%20Modlin","2026-05-28T08:55:45.789828+00:00","https://fly.pl/szukaj-wycieczek/?filter[dest]=11:&filter[hotelids]=&filter[cityids]=0&filter[cregids]=&filter[ofrType]=&filter[addObjType]=&filter[whenFrom]=28-05-2026&filter[whenTo]=30-06-2026&filter[duration]=13:16&filter[from]=Warszawa%20-%20Modlin,Warszawa%20-%20Radom,Warszawa&filter[person]=2&filter[child]=1&filter[price]=4766:9000&filter[PriceFrom]=4766&filter[PriceTo]=9000&filter[addCategory]=50&filter[addCatering]=1&filter[addMisc]=0&filter[addTransport]=F&filter[fp]=1&order_by=ofr_price&filter[tourOperator]=0&filter[childAge][1]=20201210","https://fly.pl/cdn/photo/assets/uploads/582/278/2022/03/Aqua-Mondo-Abu-Soma-Resort.jpg","https://fly.pl/wycieczka/egipt,hurghada,soma-bay/aqua-mondo-resort-14/pt0peBRkfumYFT7uM1xqWFAAoguRz_osIhMSOgy4z2Ag5HLgAAAAAEiAQAIYgEAA4AAAAqBFdFWlkwy4Pg0AZI6TVQQVj4__________8BYANqE0xPVCBQb2xpc2ggQWlybGluZXNyQ54BHwAcAQIAFgAXDRLmAxOvBhSNBBVpGPcCQJFvTMsyTwBQnJMBSwARyD8dtIkPIB0b-c01DZbvjAkBEmMBDGMBAgsnmo0C/?operator=WEZY&adults=2&children=2020-12-10&nsv=1&objectId=217102&transport=accommodation_flight&departureDate=2026-05-28&returnDate=2026-06-11&departureLocation=Warszawa+-+Modlin%2CWarszawa+-+Radom%2CWarszawa&opt=delta&catering=all_inclusive"
"Jaz Neo Naama Bay","8057.0","30.05.2026 - 13.06.2026","15 dni","","Warszawa%20-%20Modlin","2026-05-28T08:55:45.927918+00:00","https://fly.pl/szukaj-wycieczek/?filter[dest]=11:&filter[hotelids]=&filter[cityids]=0&filter[cregids]=&filter[ofrType]=&filter[addObjType]=&filter[whenFrom]=28-05-2026&filter[whenTo]=30-06-2026&filter[duration]=13:16&filter[from]=Warszawa%20-%20Modlin,Warszawa%20-%20Radom,Warszawa&filter[person]=2&filter[child]=1&filter[price]=4766:9000&filter[PriceFrom]=4766&filter[PriceTo]=9000&filter[addCategory]=50&filter[addCatering]=1&filter[addMisc]=0&filter[addTransport]=F&filter[fp]=1&order_by=ofr_price&filter[tourOperator]=0&filter[childAge][1]=20201210","https://fly.pl/cdn/photo/assets/uploads/582/278/2014/10/Sol-Y-Mar-Naama-Bay.jpg","https://fly.pl/wycieczka/egipt,sharm-el-sheikh,c/sol-y-mar-naama-bay/pnD73SeOqznpLyxKZX-eE0AAoggym6YnPjYGJ5zhspmCUMOgAAAACGhAQApIQEAA4AEgAqBFdFWlkwy4Pg0AZI-T5QQVgnYANqCUVudGVyIEFpcmoEMDgwMHJDngGVAR8AAgEcABYEFwkS5gMYhQUTzQEUyQQRuA9A2mJMoKIBTwBLxyNQABvf9Akdn80FIB4NjsTCCQESYwENYwEDBVg1Y6A/?operator=WEZY&adults=2&children=2020-12-10&nsv=1&objectId=7748&transport=accommodation_flight&departureDate=2026-05-30&returnDate=2026-06-13&departureLocation=Warszawa+-+Modlin%2CWarszawa+-+Radom%2CWarszawa&opt=delta&catering=all_inclusive"
"Jaz Palmariva Beach","8099.0","28.05.2026 - 11.06.2026","15 dni","","Warszawa%20-%20Modlin","2026-05-28T08:55:46.084058+00:00","https://fly.pl/szukaj-wycieczek/?filter[dest]=11:&filter[hotelids]=&filter[cityids]=0&filter[cregids]=&filter[ofrType]=&filter[addObjType]=&filter[whenFrom]=28-05-2026&filter[whenTo]=30-06-2026&filter[duration]=13:16&filter[from]=Warszawa%20-%20Modlin,Warszawa%20-%20Radom,Warszawa&filter[person]=2&filter[child]=1&filter[price]=4766:9000&filter[PriceFrom]=4766&filter[PriceTo]=9000&filter[addCategory]=50&filter[addCatering]=1&filter[addMisc]=0&filter[addTransport]=F&filter[fp]=1&order_by=ofr_price&filter[tourOperator]=0&filter[childAge][1]=20201210","https://fly.pl/cdn/photo/assets/uploads/582/278/2014/07/Labranda-Club-Makadi-ex-Club-Azur-fly-pl.jpg","https://fly.pl/wycieczka/egipt,hurghada,makadi-bay/club-azur/pY05QO5DneHvgesGqS8HiJAAogCWFwWgOoVYdTTosBec3BDgAAAAAEiAQAIYgEAA4AAAAqBFdFWlkwy4Pg0AZIoz9QQVj4__________8BYANqE0xPVCBQb2xpc2ggQWlybGluZXNyQ54BHwAcAQIAFgQXCRLmAxOvBhSNBBVpGPcCQJFvTMsyTwBQnJMBSwARxK8CG7VyHYOnDCAdDY-9wgkBEmMBDWMBAgUIx2MD/?operator=WEZY&adults=2&children=2020-12-10&nsv=1&objectId=7354&transport=accommodation_flight&departureDate=2026-05-28&returnDate=2026-06-11&departureLocation=Warszawa+-+Modlin%2CWarszawa+-+Radom%2CWarszawa&opt=delta&catering=all_inclusive"
"Dream Lagoon & Aqua Park Resort (ex. Floriana Dream Lagoon)","8257.0","09.06.2026 - 23.06.2026","15 dni","","Warszawa%20-%20Modlin","2026-05-28T08:55:46.235397+00:00","https://fly.pl/szukaj-wycieczek/?filter[dest]=11:&filter[hotelids]=&filter[cityids]=0&filter[cregids]=&filter[ofrType]=&filter[addObjType]=&filter[whenFrom]=28-05-2026&filter[whenTo]=30-06-2026&filter[duration]=13:16&filter[from]=Warszawa%20-%20Modlin,Warszawa%20-%20Radom,Warszawa&filter[person]=2&filter[child]=1&filter[price]=4766:9000&filter[PriceFrom]=4766&filter[PriceTo]=9000&filter[addCategory]=50&filter[addCatering]=1&filter[addMisc]=0&filter[addTransport]=F&filter[fp]=1&order_by=ofr_price&filter[tourOperator]=0&filter[childAge][1]=20201210","https://fly.pl/cdn/photo/assets/uploads/582/278/2015/11/Future-Dream-Lagoon-ex.-Floriana-Dream-Lagoon-fly-pl.jpg","https://fly.pl/wycieczka/egipt,marsa-alam,c/floriana-dream-lagoon/pQCs1KgDuZGmA3a4QHcVDGAAogUfw_t7RWj4qr7rJA3if9RQcyAD8fsPRmXNUIwAUJlB4qBEVYSU0wy4Pg0AZIwUBQAViXAmACagJBSXIhHBGroQa5BK-dPqsEHRuotCwY5_8uAfKi0o4IAgBjAQINBwFYgg/ofertasv/?filter[tourOperator]=EXIM&filter%5Bperson%5D=2&filter%5BchildAge%5D%5B1%5D=20201210&filter%5Bchild%5D=1"
"Casa Mare Resort (ex. Royal Tulip Beach Resort)","8357.0","09.06.2026 - 23.06.2026","15 dni","","Warszawa%20-%20Modlin","2026-05-28T08:55:46.377286+00:00","https://fly.pl/szukaj-wycieczek/?filter[dest]=11:&filter[hotelids]=&filter[cityids]=0&filter[cregids]=&filter[ofrType]=&filter[addObjType]=&filter[whenFrom]=28-05-2026&filter[whenTo]=30-06-2026&filter[duration]=13:16&filter[from]=Warszawa%20-%20Modlin,Warszawa%20-%20Radom,Warszawa&filter[person]=2&filter[child]=1&filter[price]=4766:9000&filter[PriceFrom]=4766&filter[PriceTo]=9000&filter[addCategory]=50&filter[addCatering]=1&filter[addMisc]=0&filter[addTransport]=F&filter[fp]=1&order_by=ofr_price&filter[tourOperator]=0&filter[childAge][1]=20201210","https://fly.pl/cdn/photo/assets/uploads/582/278/2015/12/Casa-Mare-Resort.jpg","https://fly.pl/wycieczka/egipt,marsa-alam,c/royal-tulip-beach-resort/p_sY9LF4kL0eu8AbBPOGR-AAogy9DusBfRIYdfUfNpuo-ucptaenDRcST7Zvp8UxtPX8MqBFZJVFgwy4Pg0AZIpUFQQViXAmACckAaAFwKFQQXAFgBQI8DW5eFAV7melK8FFMAS7EvYQBM36o5DZrcmAkgAVGtoMX23wFP8_0GXZz4r_klAg5jAQINVvj32g/ofertasv/?filter[tourOperator]=VITX&filter%5Bperson%5D=2&filter%5BchildAge%5D%5B1%5D=20201210&filter%5Bchild%5D=1"
"Regency Plaza Aqua Park Spa","8466.0","30.05.2026 - 13.06.2026","15 dni","","Warszawa%20-%20Modlin","2026-05-28T08:55:46.515062+00:00","https://fly.pl/szukaj-wycieczek/?filter[dest]=11:&filter[hotelids]=&filter[cityids]=0&filter[cregids]=&filter[ofrType]=&filter[addObjType]=&filter[whenFrom]=28-05-2026&filter[whenTo]=30-06-2026&filter[duration]=13:16&filter[from]=Warszawa%20-%20Modlin,Warszawa%20-%20Radom,Warszawa&filter[person]=2&filter[child]=1&filter[price]=4766:9000&filter[PriceFrom]=4766&filter[PriceTo]=9000&filter[addCategory]=50&filter[addCatering]=1&filter[addMisc]=0&filter[addTransport]=F&filter[fp]=1&order_by=ofr_price&filter[tourOperator]=0&filter[childAge][1]=20201210","https://fly.pl/cdn/photo/assets/uploads/582/278/2014/07/Regency-Plaza-Aqua-Park-Spa-fly-pl.jpg","https://fly.pl/wycieczka/egipt,sharm-el-sheikh,szarm-el-szejk/regency-plaza/phg4ynS51Ja0F06ggm3Ds0AAogFKhdLYTkkNoEwEco-mIZgQAAAACGhAQApIQEAA4AEgAqBFdFWlkwy4Pg0AZIkkJQQVgnYANqCUVudGVyIEFpcmoEMDgwMHJDngGVAR8AAgEcABYEFwkS5gMYhQUTzQEUyQQRvQ9A1WJMoKIBTwBLxyNQAB3-wQ8gHhuywXkN3ILJCAESYwEOYwECBvLn7a4/?operator=WEZY&adults=2&children=2020-12-10&nsv=1&objectId=589&transport=accommodation_flight&departureDate=2026-05-30&returnDate=2026-06-13&departureLocation=Warszawa+-+Modlin%2CWarszawa+-+Radom%2CWarszawa&opt=delta&catering=all_inclusive"
"Stella Beach Resort & Spa","8520.0","28.05.2026 - 11.06.2026","15 dni","","Warszawa%20-%20Modlin","2026-05-28T08:55:46.649273+00:00","https://fly.pl/szukaj-wycieczek/?filter[dest]=11:&filter[hotelids]=&filter[cityids]=0&filter[cregids]=&filter[ofrType]=&filter[addObjType]=&filter[whenFrom]=28-05-2026&filter[whenTo]=30-06-2026&filter[duration]=13:16&filter[from]=Warszawa%20-%20Modlin,Warszawa%20-%20Radom,Warszawa&filter[person]=2&filter[child]=1&filter[price]=4766:9000&filter[PriceFrom]=4766&filter[PriceTo]=9000&filter[addCategory]=50&filter[addCatering]=1&filter[addMisc]=0&filter[addTransport]=F&filter[fp]=1&order_by=ofr_price&filter[tourOperator]=0&filter[childAge][1]=20201210","https://fly.pl/cdn/photo/assets/uploads/582/278/2014/10/Stella-Di-Mare-Beach-Resort-Spa.jpg","https://fly.pl/wycieczka/egipt,hurghada,makadi-bay/stella-makadi-resort/pMXQLVCUYIjr3XN4Ku2UpGAAogHiJAoZf74L9_0cRUnoSp5AAAAAAEiAQAIYgEAA4AAAAqBFdFWlkwy4Pg0AZIyEJQQVj4__________8BYANqE0xPVCBQb2xpc2ggQWlybGluZXNyQp4BHwAcAQIAFgQXCRLmAxOvBhSNBBVpGPcCEdAMQMFiT8syTABQnJMBSwAbqjUd0pMPIB0Nj73CCQESYwEOYwECBd8WyVw/?operator=WEZY&adults=2&children=2020-12-10&nsv=1&objectId=9075&transport=accommodation_flight&departureDate=2026-05-28&returnDate=2026-06-11&departureLocation=Warszawa+-+Modlin%2CWarszawa+-+Radom%2CWarszawa&opt=delta&catering=all_inclusive"
"IL Mercato Splash Aqua Park","8592.0","30.05.2026 - 13.06.2026","15 dni","","Warszawa%20-%20Modlin","2026-05-28T08:55:46.792105+00:00","https://fly.pl/szukaj-wycieczek/?filter[dest]=11:&filter[hotelids]=&filter[cityids]=0&filter[cregids]=&filter[ofrType]=&filter[addObjType]=&filter[whenFrom]=28-05-2026&filter[whenTo]=30-06-2026&filter[duration]=13:16&filter[from]=Warszawa%20-%20Modlin,Warszawa%20-%20Radom,Warszawa&filter[person]=2&filter[child]=1&filter[price]=4766:9000&filter[PriceFrom]=4766&filter[PriceTo]=9000&filter[addCategory]=50&filter[addCatering]=1&filter[addMisc]=0&filter[addTransport]=F&filter[fp]=1&order_by=ofr_price&filter[tourOperator]=0&filter[childAge][1]=20201210","https://fly.pl/cdn/photo/assets/uploads/582/278/2014/07/Il-Mercato-Hotel-Spa-Sharm-El-Sheikh.jpg","https://fly.pl/wycieczka/egipt,sharm-el-sheikh,c/iberotel-il-mercato/pzqzrduX2G7oV8_-71yo79AAogodlmymwqAIFg5uXGFqZaLwAAAACGhAQApIQEAA4AEgAqBFdFWlkwy4Pg0AZIkENQQVgnYANqCUVudGVyIEFpcmoEMDgwMHJCngGVAR8AAgEcABYEFwkS5gMYhQUTzQEUyQQR5xBAq2FMoKIBTwBLxyNQABucMR3ikA8gHg2OxMIJARJjAQxjAQIFkXkwLw/?operator=WEZY&adults=2&children=2020-12-10&nsv=1&objectId=24723&transport=accommodation_flight&departureDate=2026-05-30&returnDate=2026-06-13&departureLocation=Warszawa+-+Modlin%2CWarszawa+-+Radom%2CWarszawa&opt=delta&catering=all_inclusive"
"Pyramisa Beach Resort Sahl Hasheesh","8766.0","28.05.2026 - 11.06.2026","15 dni","","Warszawa%20-%20Modlin","2026-05-28T08:55:46.927476+00:00","https://fly.pl/szukaj-wycieczek/?filter[dest]=11:&filter[hotelids]=&filter[cityids]=0&filter[cregids]=&filter[ofrType]=&filter[addObjType]=&filter[whenFrom]=28-05-2026&filter[whenTo]=30-06-2026&filter[duration]=13:16&filter[from]=Warszawa%20-%20Modlin,Warszawa%20-%20Radom,Warszawa&filter[person]=2&filter[child]=1&filter[price]=4766:9000&filter[PriceFrom]=4766&filter[PriceTo]=9000&filter[addCategory]=50&filter[addCatering]=1&filter[addMisc]=0&filter[addTransport]=F&filter[fp]=1&order_by=ofr_price&filter[tourOperator]=0&filter[childAge][1]=20201210","https://fly.pl/cdn/photo/assets/uploads/582/278/2015/04/Pyramisa-Beach-Resort-Sahl-Hasheesh.jpg","https://fly.pl/wycieczka/egipt,hurghada,sahl-hasheesh/dessole-pyramisa-beach-resort-ex-pyramisa-beach-r/pm5LJHIcMNfmDb6EyCKuGIAAog21bOi-PIMaiRP3pk-DhUMwAAAAAEiAQAIYgEAA4AAAAqBFdFWlkwy4Pg0AZIvkRQQVj4__________8BYANqE0xPVCBQb2xpc2ggQWlybGluZXNyQp4BHwAcAQIAFgQXCRFQEpYDE68GFI0EFWkY9wJAkW9PyzJMAFCckwFLAB38yA8gHRvF2zYNyuGLCQESYwEMYwECBfb8w_M/?operator=WEZY&adults=2&children=2020-12-10&nsv=1&objectId=561&transport=accommodation_flight&departureDate=2026-05-28&returnDate=2026-06-11&departureLocation=Warszawa+-+Modlin%2CWarszawa+-+Radom%2CWarszawa&opt=delta&catering=all_inclusive"
"Marriott Hurghada Beach Resort","8876.0","28.05.2026 - 11.06.2026","15 dni","","Warszawa%20-%20Modlin","2026-05-28T08:55:47.068243+00:00","https://fly.pl/szukaj-wycieczek/?filter[dest]=11:&filter[hotelids]=&filter[cityids]=0&filter[cregids]=&filter[ofrType]=&filter[addObjType]=&filter[whenFrom]=28-05-2026&filter[whenTo]=30-06-2026&filter[duration]=13:16&filter[from]=Warszawa%20-%20Modlin,Warszawa%20-%20Radom,Warszawa&filter[person]=2&filter[child]=1&filter[price]=4766:9000&filter[PriceFrom]=4766&filter[PriceTo]=9000&filter[addCategory]=50&filter[addCatering]=1&filter[addMisc]=0&filter[addTransport]=F&filter[fp]=1&order_by=ofr_price&filter[tourOperator]=0&filter[childAge][1]=20201210","https://fly.pl/cdn/photo/assets/uploads/582/278/2014/09/Marriott-Hurghada-Beach-Resort.jpg","https://fly.pl/wycieczka/egipt,hurghada,c/marriott-hurghada-beach-resort/pZXsrVrMB1i4-JFtXMXaFsAAog5NsKS90yoNWT46Y87gVC4gAAAAAEiAQAIYgEAA4AAAAqBFdFWlkwy4Pg0AZIrEVQQVj4__________8BYANqE0xPVCBQb2xpc2ggQWlybGluZXNyQp4BHwAcAQIAFgQXCRGWARLQAhOvBhSNBBVpGPcCQJFvT8syTABQnJMBSwAboTEd25cPIB0Nj73CCQESYwEMYwECBj8kt_Y/?operator=WEZY&adults=2&children=2020-12-10&nsv=1&objectId=3816&transport=accommodation_flight&departureDate=2026-05-28&returnDate=2026-06-11&departureLocation=Warszawa+-+Modlin%2CWarszawa+-+Radom%2CWarszawa&opt=delta&catering=all_inclusive"
"Royal Brayka Beach Resort (ex Zee Brayka)","8957.0","09.06.2026 - 23.06.2026","15 dni","","Warszawa%20-%20Modlin","2026-05-28T08:55:47.242635+00:00","https://fly.pl/szukaj-wycieczek/?filter[dest]=11:&filter[hotelids]=&filter[cityids]=0&filter[cregids]=&filter[ofrType]=&filter[addObjType]=&filter[whenFrom]=28-05-2026&filter[whenTo]=30-06-2026&filter[duration]=13:16&filter[from]=Warszawa%20-%20Modlin,Warszawa%20-%20Radom,Warszawa&filter[person]=2&filter[child]=1&filter[price]=4766:9000&filter[PriceFrom]=4766&filter[PriceTo]=9000&filter[addCategory]=50&filter[addCatering]=1&filter[addMisc]=0&filter[addTransport]=F&filter[fp]=1&order_by=ofr_price&filter[tourOperator]=0&filter[childAge][1]=20201210","https://fly.pl/cdn/photo/assets/uploads/582/278/2014/07/Royal-Brayka-Resort.jpg","https://fly.pl/wycieczka/egipt,marsa-alam,c/royal-brayka-resort/pqv8ZG7nj8RFnHWqJoiSJOAAog0mtCrFO4opu08hkCecQ__JtaenDRcST7Zvp8UxtPX8MqBFZJVFgwy4Pg0AZI_UVQQViXAmACckAaAFwKFQQXAFgBQI8DW7-DAV6-fFK8FFMAS7EvYQBMn5c8DdrvlQkgAVGQjr_23wFPkJANXZz4r_klAg5jAQIN3vKJUA/ofertasv/?filter[tourOperator]=VITX&filter%5Bperson%5D=2&filter%5BchildAge%5D%5B1%5D=20201210&filter%5Bchild%5D=1"
